Sensor_ID,Date,Soil_Moisture(%),Soil_pH,Temperature(C),Humidity(%),Crop_Type,Fertilizer_Recommended(kg/ha),Irrigation_Recommended(mm),Drone_Image_ID
SEN-1000,1/1/2025,36.22,6.98,21.3,50.4,Tomatoes,67.6,26.6,IMG-2000
SEN-1001,1/2/2025,76.55,5.03,23.5,34.3,Wheat,130.4,8.3,IMG-2001
SEN-1002,1/3/2025,61.24,6.52,21.9,54.6,Tomatoes,36,29.4,IMG-2002
SEN-1003,1/4/2025,51.91,6.62,24,48.7,Maize,85.8,19.6,IMG-2003
SEN-1004,1/5/2025,20.92,5.98,19.2,70.6,Wheat,75.6,29.9,IMG-2004
SEN-1005,1/6/2025,20.92,7.08,26.8,66.3,Beans,68,27.8,IMG-2005
SEN-1006,1/7/2025,14.07,7.77,19.1,51.9,Maize,64.3,10.5,IMG-2006
SEN-1007,1/8/2025,70.63,7.74,31.6,43.1,Lettuce,41,6.4,IMG-2007
SEN-1008,1/9/2025,52.08,6.08,22,89.3,Tomatoes,67.8,11.4,IMG-2008
SEN-1009,1/10/2025,59.57,4.9,27.2,57.2,Maize,35.2,18.2,IMG-2009
SEN-1010,1/11/2025,11.44,7.95,33,71.3,Maize,123.7,9.3,IMG-2010
SEN-1011,1/12/2025,77.89,7.44,29.1,38.4,Wheat,77.8,9.2,IMG-2011
SEN-1012,1/13/2025,68.27,4.94,27.1,59.1,Wheat,83.3,16.6,IMG-2012
SEN-1013,1/14/2025,24.86,7.72,23.5,31.7,Wheat,137.2,5.8,IMG-2013
SEN-1014,1/15/2025,22.73,7.54,23.7,60.3,Lettuce,109,8,IMG-2014
SEN-1015,1/16/2025,22.84,6.32,29.4,87.8,Wheat,31,15.4,IMG-2015
SEN-1016,1/17/2025,31.3,6.57,34.9,53.1,Maize,143.2,6.6,IMG-2016
SEN-1017,1/18/2025,46.73,5.9,29.3,32.3,Wheat,58.5,14.9,IMG-2017
SEN-1018,1/19/2025,40.24,4.69,27.5,31.9,Beans,42.9,16.9,IMG-2018
SEN-1019,1/20/2025,30.39,5.67,30.4,53.3,Wheat,122.2,16.3,IMG-2019
SEN-1020,1/21/2025,52.83,7.31,25.9,39.6,Lettuce,90.1,26.7,IMG-2020
SEN-1021,1/22/2025,19.76,4.52,19,31.4,Beans,82.1,18.3,IMG-2021
SEN-1022,1/23/2025,30.45,5.67,27.6,75.4,Maize,59.9,16.7,IMG-2022
SEN-1023,1/24/2025,35.65,5.89,34.3,57.5,Maize,95.7,15.3,IMG-2023
SEN-1024,1/25/2025,41.92,6.38,21,47.4,Tomatoes,62.9,25.4,IMG-2024
SEN-1025,1/26/2025,64.96,7.72,29.7,84,Beans,138.2,27.4,IMG-2025
SEN-1026,1/27/2025,23.98,5.71,21.4,37,Tomatoes,55.8,26.3,IMG-2026
SEN-1027,1/28/2025,46,5.71,27.1,87.4,Beans,136.1,21.8,IMG-2027
SEN-1028,1/29/2025,51.47,7.08,19.6,48.8,Beans,97.1,8.4,IMG-2028
SEN-1029,1/30/2025,13.25,6.08,25.7,83.3,Lettuce,129.4,11.9,IMG-2029
SEN-1030,1/31/2025,52.53,5.29,30.9,66.2,Tomatoes,115.5,6.2,IMG-2030
SEN-1031,2/1/2025,21.94,6.08,23.9,79.6,Lettuce,113.6,28.3,IMG-2031
SEN-1032,2/2/2025,14.55,4.99,29.3,89,Beans,68.9,21.5,IMG-2032
SEN-1033,2/3/2025,76.42,5.12,31.5,47.3,Maize,58.1,23.7,IMG-2033
SEN-1034,2/4/2025,77.59,6.24,33.8,87.7,Beans,55.3,12.8,IMG-2034
SEN-1035,2/5/2025,66.59,5.97,22,53.4,Lettuce,132.9,26.1,IMG-2035
SEN-1036,2/6/2025,31.32,7.7,24.8,53.1,Tomatoes,128.5,11.5,IMG-2036
SEN-1037,2/7/2025,16.84,5.77,20.6,50.4,Tomatoes,82.9,5,IMG-2037
SEN-1038,2/8/2025,57.9,6.53,34.9,62.5,Lettuce,45.9,14.4,IMG-2038
SEN-1039,2/9/2025,40.81,6.71,33.8,39.2,Tomatoes,75.9,19.3,IMG-2039
SEN-1040,2/10/2025,18.54,4.55,27.2,63.2,Wheat,104.3,17,IMG-2040
SEN-1041,2/11/2025,44.66,6.82,32.3,62.5,Maize,84.5,26.6,IMG-2041
SEN-1042,2/12/2025,12.41,5.12,26.9,75.7,Maize,123.6,7.6,IMG-2042
SEN-1043,2/13/2025,73.65,7.86,28.6,80,Maize,149.7,18.8,IMG-2043
SEN-1044,2/14/2025,28.11,5.02,19.5,56.4,Tomatoes,52.9,17.8,IMG-2044
SEN-1045,2/15/2025,56.38,5.95,30.8,48.1,Tomatoes,85.2,12,IMG-2045
SEN-1046,2/16/2025,31.82,4.8,20.2,45.6,Beans,81.7,25.6,IMG-2046
SEN-1047,2/17/2025,46.4,7.99,32,41.7,Beans,66.5,23.8,IMG-2047
SEN-1048,2/18/2025,48.27,6.26,31.3,33.5,Maize,53.8,23.3,IMG-2048
SEN-1049,2/19/2025,22.94,6.58,30,50.5,Wheat,37.9,26.9,IMG-2049
SEN-1050,2/20/2025,77.87,4.73,18.6,46.2,Beans,136.5,23.1,IMG-2050
SEN-1051,2/21/2025,64.26,7.12,23.2,88,Beans,80.4,10.8,IMG-2051
SEN-1052,2/22/2025,75.76,5.23,22.5,63.5,Tomatoes,89.6,22.6,IMG-2052
SEN-1053,2/23/2025,72.64,7.64,24.1,50.8,Wheat,140,12.7,IMG-2053
SEN-1054,2/24/2025,51.85,5.22,19.5,64.8,Maize,123.2,11.1,IMG-2054
SEN-1055,2/25/2025,74.53,5.17,33.9,38.4,Beans,45.7,6.8,IMG-2055
SEN-1056,2/26/2025,16.19,4.63,27.4,56.6,Wheat,97.9,23.6,IMG-2056
SEN-1057,2/27/2025,23.72,6.15,23.2,67.6,Wheat,83.1,22.8,IMG-2057
SEN-1058,2/28/2025,13.17,6.48,24.7,59.3,Maize,125.7,10.9,IMG-2058
SEN-1059,3/1/2025,32.77,4.73,25.6,54.1,Wheat,116.9,23.7,IMG-2059
SEN-1060,3/2/2025,37.21,7.21,28.2,89.6,Wheat,112.8,27.9,IMG-2060
SEN-1061,3/3/2025,28.99,6.09,26.8,82.8,Wheat,70.9,7.7,IMG-2061
SEN-1062,3/4/2025,68.01,6.34,33.6,67.4,Beans,126.6,10.8,IMG-2062
SEN-1063,3/5/2025,34.97,6.04,26.4,64.2,Maize,36.3,23.8,IMG-2063
SEN-1064,3/6/2025,29.67,5.9,34.9,67.2,Wheat,49.2,11.9,IMG-2064
SEN-1065,3/7/2025,47.99,6.46,32.5,42.1,Wheat,70.3,20.6,IMG-2065
SEN-1066,3/8/2025,19.86,5.04,21.5,53.7,Beans,39.2,7,IMG-2066
SEN-1067,3/9/2025,66.15,5.14,33.8,32.4,Maize,58.2,16.3,IMG-2067
SEN-1068,3/10/2025,15.22,7.52,20,58.5,Tomatoes,129.6,23.5,IMG-2068
SEN-1069,3/11/2025,79.08,7.81,31.9,62.6,Beans,143.8,22.2,IMG-2069
SEN-1070,3/12/2025,64.06,5.81,24.5,43.7,Maize,66.6,25.4,IMG-2070
SEN-1071,3/13/2025,23.91,5.45,32.9,87.8,Wheat,61.7,26.9,IMG-2071
SEN-1072,3/14/2025,10.39,6.75,32.8,84.6,Maize,63.6,24.3,IMG-2072
SEN-1073,3/15/2025,67.08,5.93,31.7,73.3,Maize,63.3,21.8,IMG-2073
SEN-1074,3/16/2025,59.48,4.59,31.4,62,Maize,34.3,5.8,IMG-2074
SEN-1075,3/17/2025,61.03,5.05,23.2,82.2,Tomatoes,141.2,18.4,IMG-2075
SEN-1076,3/18/2025,63.99,7.01,19.4,37.8,Maize,55.6,5.9,IMG-2076
SEN-1077,3/19/2025,15.18,6.81,24.9,77.4,Tomatoes,80.4,25.2,IMG-2077
SEN-1078,3/20/2025,35.09,4.59,20.9,37.5,Wheat,31.2,13,IMG-2078
SEN-1079,3/21/2025,18.11,5.28,29.8,77.7,Tomatoes,133,19.1,IMG-2079
SEN-1080,3/22/2025,70.42,5.31,23.9,46.5,Wheat,117.7,12,IMG-2080
SEN-1081,3/23/2025,53.63,6.85,34.6,82.6,Wheat,143.6,24.6,IMG-2081
SEN-1082,3/24/2025,33.16,4.57,28.9,86.6,Tomatoes,123.8,27.2,IMG-2082
SEN-1083,3/25/2025,14.45,4.86,32,38.9,Beans,67.6,15,IMG-2083
SEN-1084,3/26/2025,31.77,7.3,20.3,57.8,Lettuce,59.7,26.6,IMG-2084
SEN-1085,3/27/2025,32.76,5.12,32.7,88.9,Maize,113.7,11.7,IMG-2085
SEN-1086,3/28/2025,61.07,6.78,33.7,59,Lettuce,73.7,18.4,IMG-2086
SEN-1087,3/29/2025,54.63,5.33,26.3,81.8,Maize,97.9,26.5,IMG-2087
SEN-1088,3/30/2025,72.1,4.85,28.3,65.3,Maize,30.8,13.1,IMG-2088
SEN-1089,3/31/2025,43.06,5.35,31,52.5,Wheat,37.4,28.9,IMG-2089
SEN-1090,4/1/2025,18.37,7.03,21,47.1,Maize,94.2,8,IMG-2090
SEN-1091,4/2/2025,59.93,7.49,26.5,42.2,Maize,97.9,5.5,IMG-2091
SEN-1092,4/3/2025,63.25,7.41,24.8,75.7,Tomatoes,120.2,27.6,IMG-2092
SEN-1093,4/4/2025,49.29,5.89,20.5,53.2,Lettuce,45.8,6.7,IMG-2093
SEN-1094,4/5/2025,63.97,6.84,24.2,60.7,Tomatoes,91.6,29.8,IMG-2094
SEN-1095,4/6/2025,44.57,5.22,19.2,59.5,Maize,53.3,28.8,IMG-2095
SEN-1096,4/7/2025,46.59,5.53,18.4,64.6,Wheat,41.2,8.4,IMG-2096
SEN-1097,4/8/2025,39.93,7.64,20.3,81.9,Tomatoes,79.3,18.4,IMG-2097
SEN-1098,4/9/2025,11.78,4.55,34.4,88.8,Tomatoes,49.6,9.6,IMG-2098
SEN-1099,4/10/2025,17.55,4.8,27.3,54.5,Beans,56.6,15.7,IMG-2099
SEN-1100,4/11/2025,12.2,5.23,34.4,79.7,Maize,68.1,6.5,IMG-2100
SEN-1101,4/12/2025,54.55,4.59,25.4,75.9,Wheat,61.1,10.6,IMG-2101
SEN-1102,4/13/2025,32,5.14,23.3,64.4,Tomatoes,40.5,14.1,IMG-2102
SEN-1103,4/14/2025,45.6,6.54,26.6,87.4,Tomatoes,40.8,16,IMG-2103
SEN-1104,4/15/2025,73.53,5.97,25.5,42,Wheat,53.2,29.4,IMG-2104
SEN-1105,4/16/2025,27.45,7.62,19.8,36.6,Maize,36.1,25.2,IMG-2105
SEN-1106,4/17/2025,38.73,7.36,28.9,81.2,Beans,105.2,23.4,IMG-2106
SEN-1107,4/18/2025,error,error,error,error,Tomatoes,error,error,IMG-2107
SEN-1108,4/19/2025,26.02,5.41,28.5,80.8,Beans,63.6,26,IMG-2108
SEN-1109,4/20/2025,15.39,5.83,29.1,83.6,Lettuce,69.8,13.5,IMG-2109
SEN-1110,4/21/2025,30.28,6.57,20.6,33.7,Maize,109.5,22.7,IMG-2110
SEN-1111,4/22/2025,21.29,5.44,19,83,Lettuce,134.5,29.8,IMG-2111
SEN-1112,4/23/2025,75.08,6.68,31.3,56.9,,121.1,12.9,IMG-2112
SEN-1113,4/24/2025,66.57,5.93,25.8,60.6,Lettuce,117.3,21.9,IMG-2113
SEN-1114,4/25/2025,54.34,6.43,19,67.6,Maize,88.1,26.1,IMG-2114
SEN-1115,4/26/2025,71,6.03,34.9,85.6,Maize,113.3,27.9,IMG-2115
SEN-1116,4/27/2025,66.26,5.53,19,31.1,Wheat,96.3,22.9,IMG-2116
SEN-1117,4/28/2025,23.06,7.82,29.8,58.6,Beans,56,12.1,IMG-2117
SEN-1118,4/29/2025,error,error,error,error,Beans,error,error,IMG-2118
SEN-1119,4/30/2025,47.75,4.99,22.1,73.4,Wheat,65.6,5.5,IMG-2119
SEN-1120,5/1/2025,66.52,7.54,20.4,71.6,Wheat,139.3,24,IMG-2120
SEN-1121,5/2/2025,72.73,6.21,20.1,38.1,Lettuce,95.7,6.1,IMG-2121
SEN-1122,5/3/2025,32.26,7.63,23.2,48,Wheat,118.1,26.6,IMG-2122
SEN-1123,5/4/2025,17.7,7.3,19.7,51.5,Tomatoes,71.6,8,IMG-2123
SEN-1124,5/5/2025,25.96,5.99,29.8,78.3,Beans,78.9,9.3,IMG-2124
SEN-1125,5/6/2025,39.9,4.58,19.1,46.7,Wheat,45.1,16.9,IMG-2125
SEN-1126,5/7/2025,67.26,5.44,26.7,42.6,Tomatoes,50.6,23.4,IMG-2126
SEN-1127,5/8/2025,70.25,6.4,34.9,87.4,Tomatoes,129.3,8.5,IMG-2127
SEN-1128,5/9/2025,10.49,6.72,31.8,30.5,Tomatoes,100.2,16,IMG-2128
SEN-1129,5/10/2025,45.75,5.4,28.5,89.9,Tomatoes,70.5,17.1,IMG-2129
SEN-1130,5/11/2025,39.22,4.99,23.2,70.6,Lettuce,126.3,10.3,IMG-2130
SEN-1131,5/12/2025,25.55,7.42,28.6,79.7,Tomatoes,59.6,7.9,IMG-2131
SEN-1132,5/13/2025,18.39,7.95,27,47.7,Lettuce,147.1,25.9,IMG-2132
SEN-1133,5/14/2025,33.63,6.34,25.2,30.9,Lettuce,71.4,17.6,IMG-2133
SEN-1134,5/15/2025,76,5.1,20.2,74.3,Tomatoes,70.5,5.4,IMG-2134
SEN-1135,5/16/2025,32.62,5.45,33.1,80,Beans,67.4,25.1,IMG-2135
SEN-1136,5/17/2025,46.32,4.56,25.6,74.4,Tomatoes,44.7,29.5,IMG-2136
SEN-1137,5/18/2025,59.21,7.7,21.3,38.6,Tomatoes,43.3,20.1,IMG-2137
SEN-1138,5/19/2025,35.45,4.91,24.3,75.2,Tomatoes,107.8,17.6,IMG-2138
SEN-1139,5/20/2025,78.02,6.52,25,76.1,Beans,135,27,IMG-2139
SEN-1140,5/21/2025,77.37,5.46,32.1,69.5,Maize,124.9,28.8,IMG-2140
SEN-1141,5/22/2025,27.62,6.44,30.5,76,Maize,46.9,23.9,IMG-2141
SEN-1142,5/23/2025,44.81,6.78,31.1,80.8,Lettuce,95.5,16.1,IMG-2142
SEN-1143,5/24/2025,31.06,7.4,18.2,66.8,Lettuce,42.7,19.8,IMG-2143
SEN-1144,5/25/2025,29.94,5.22,25.1,35.3,Beans,35.4,22.5,IMG-2144
SEN-1145,5/26/2025,12.58,4.54,26.2,59.3,Wheat,108.8,9.9,IMG-2145
SEN-1146,5/27/2025,52.67,4.98,18.3,34.7,Maize,94.2,16.2,IMG-2146
SEN-1147,5/28/2025,45.19,7.65,22.4,54.5,Lettuce,39.8,25.7,IMG-2147
SEN-1148,5/29/2025,13.6,7.56,30.9,54.4,Maize,34.2,21.4,IMG-2148
SEN-1149,5/30/2025,29.51,6.59,20.3,34,Beans,148.8,15.3,IMG-2149
SEN-1150,5/31/2025,73.58,6.6,27.1,50.9,Beans,33.6,21.6,IMG-2150
SEN-1151,6/1/2025,26.77,6.83,21.7,36.7,Wheat,83.3,8,IMG-2151
SEN-1152,6/2/2025,20.14,5.11,18.2,78.5,Wheat,90.6,15,IMG-2152
SEN-1153,6/3/2025,44.26,7.7,22.1,86.9,Beans,44.1,24.8,IMG-2153
SEN-1154,6/4/2025,79,5.97,34.6,34.3,Lettuce,50.3,10.5,IMG-2154
SEN-1155,6/5/2025,26.94,5.84,31.6,87.3,Maize,72.2,9.6,IMG-2155
SEN-1156,6/6/2025,57.05,6.32,34.3,61.4,Tomatoes,121.4,28.8,IMG-2156
SEN-1157,6/7/2025,63.31,4.66,26.3,48,Wheat,90.8,10.2,IMG-2157
SEN-1158,6/8/2025,26.63,5.08,19.9,34.6,Tomatoes,106.5,11.5,IMG-2158
SEN-1159,6/9/2025,60.98,7.08,27.3,60,Lettuce,148.2,29.2,IMG-2159
SEN-1160,6/10/2025,35.74,4.79,25.7,77.7,Wheat,122.2,23.4,IMG-2160
SEN-1161,6/11/2025,54.26,6.61,32.4,72.4,Tomatoes,82.1,22.5,IMG-2161
SEN-1162,6/12/2025,54.35,5.36,19.7,33,Lettuce,83.6,26.3,IMG-2162
SEN-1163,6/13/2025,47.5,5.86,26.3,34.4,Maize,104.3,7.9,IMG-2163
SEN-1164,6/14/2025,16.32,5.51,20.6,54.2,Lettuce,109.8,22.6,IMG-2164
SEN-1165,6/15/2025,68.47,5.74,23.5,47.7,Wheat,90.1,17.6,IMG-2165
SEN-1166,6/16/2025,32.45,7.02,30.5,43.9,Beans,107.4,25.7,IMG-2166
SEN-1167,6/17/2025,23.06,5.54,26.1,46.9,Maize,32.8,17.7,IMG-2167
SEN-1168,6/18/2025,12.85,6.48,24.4,78.2,Tomatoes,81.6,20.5,IMG-2168
SEN-1169,6/19/2025,51.36,6.17,24.7,85.8,Wheat,63.5,16.9,IMG-2169
SEN-1170,6/20/2025,57.43,6.82,25.8,54.3,Beans,45.5,17,IMG-2170
SEN-1171,6/21/2025,11.16,7.78,31.3,84.4,Lettuce,41.9,24.2,IMG-2171
SEN-1172,6/22/2025,45.85,7.06,33.2,49.3,Beans,102.4,20.7,IMG-2172
SEN-1173,6/23/2025,25.85,5.25,34.2,58.6,Wheat,92.8,20.8,IMG-2173
SEN-1174,6/24/2025,55.16,4.61,31.4,43.6,Wheat,60.4,16.3,IMG-2174
SEN-1175,6/25/2025,22.21,5.42,23.4,68.4,Beans,86.5,18.3,IMG-2175
SEN-1176,6/26/2025,58.37,6.58,29.7,88.7,Lettuce,89.1,23.6,IMG-2176
SEN-1177,6/27/2025,37.07,4.68,25.4,66.2,Beans,53.4,25.6,IMG-2177
SEN-1178,6/28/2025,75.57,6.24,22.3,51.5,Wheat,108.3,22.4,IMG-2178
SEN-1179,6/29/2025,19.63,6.59,32.3,68.9,Wheat,123.7,28.1,IMG-2179
SEN-1180,6/30/2025,33.87,5.67,18.7,37.4,Tomatoes,125,25.5,IMG-2180
SEN-1181,7/1/2025,17.94,7.2,33.3,83.3,Tomatoes,102.3,19,IMG-2181
SEN-1182,7/2/2025,74.73,4.87,25.8,60.2,Maize,91.4,21.8,IMG-2182
SEN-1183,7/3/2025,71.41,4.76,28.8,57,Wheat,37.3,28.2,IMG-2183
SEN-1184,7/4/2025,28.06,7.05,29.2,65.2,Tomatoes,64.5,20.5,IMG-2184
SEN-1185,7/5/2025,56.2,6.23,33.2,67.5,Beans,41.2,25.6,IMG-2185
SEN-1186,7/6/2025,67.21,6.91,28.8,34.3,Lettuce,145.7,22.2,IMG-2186
SEN-1187,7/7/2025,48.86,6.02,28.4,71,Beans,46.2,18.8,IMG-2187
SEN-1188,7/8/2025,47.08,5.36,19.1,44.5,Lettuce,48.2,11,IMG-2188
SEN-1189,7/9/2025,26.93,7.37,26.8,72.8,Tomatoes,136.7,15.6,IMG-2189
SEN-1190,7/10/2025,16.52,7.3,20.6,79.4,Maize,143.3,29.2,IMG-2190
SEN-1191,7/11/2025,72.81,6.93,30.5,78.2,Beans,121.9,21.4,IMG-2191
SEN-1192,7/12/2025,73.03,5.45,26.7,63.2,Beans,30.6,19.1,IMG-2192
SEN-1193,7/13/2025,54.32,6.57,29.6,61.2,Beans,30.2,28.3,IMG-2193
SEN-1194,7/14/2025,33.73,5.76,18.7,38.6,Lettuce,75.4,19.7,IMG-2194
SEN-1195,7/15/2025,34.44,4.82,19.4,76.5,Tomatoes,47.2,18.2,IMG-2195
SEN-1196,7/16/2025,60.82,7.71,30.2,46.3,Beans,32.2,24,IMG-2196
SEN-1197,7/17/2025,72.8,4.98,19.2,59.8,Beans,85.7,22.8,IMG-2197
SEN-1198,7/18/2025,72.1,7.83,19.2,47.1,Maize,143.2,9.8,IMG-2198
SEN-1199,7/19/2025,64.59,6.06,18.2,38,Maize,68.9,16.8,IMG-2199
SEN-1200,7/20/2025,54.94,5.15,34.3,67.8,Tomatoes,109.3,16.8,IMG-2200
SEN-1201,7/21/2025,15.89,6.4,30.5,33.3,Tomatoes,108.3,14.5,IMG-2201
SEN-1202,7/22/2025,21.31,7.56,24,74.9,Wheat,60.1,17.9,IMG-2202
SEN-1203,7/23/2025,72.9,7.06,23,49.1,Maize,108.1,15.3,IMG-2203
SEN-1204,7/24/2025,52.45,7.32,23.9,30,Wheat,55.5,10,IMG-2204
SEN-1205,7/25/2025,10.64,6.81,31.2,60.7,Lettuce,44.6,15.3,IMG-2205
SEN-1206,7/26/2025,17.1,6.92,29.2,32.8,Wheat,114.2,6.8,IMG-2206
SEN-1207,7/27/2025,56.45,7.47,21.1,46.6,Beans,43.6,19.4,IMG-2207
SEN-1208,7/28/2025,10.35,5.37,21,72.4,Wheat,149.6,26.3,IMG-2208
SEN-1209,7/29/2025,21.26,6.21,19.7,33.8,Tomatoes,52,23.1,IMG-2209
SEN-1210,7/30/2025,48.41,5.27,29.2,80.4,Lettuce,101.3,14,IMG-2210
SEN-1211,7/31/2025,58.43,7.96,31,30.2,Beans,79.4,7.2,IMG-2211
SEN-1212,8/1/2025,55.64,7.8,22.5,44.8,Wheat,45.2,10.1,IMG-2212
SEN-1213,8/2/2025,25.7,4.64,18.4,74.5,Lettuce,33.3,18.6,IMG-2213
SEN-1214,8/3/2025,59.85,6.97,19.4,49,Lettuce,104.7,10.2,IMG-2214
SEN-1215,8/4/2025,26.61,7.74,34.5,36.1,Beans,126.8,18.6,IMG-2215
SEN-1216,8/5/2025,32.78,5.13,23,51.6,Wheat,131,10.8,IMG-2216
SEN-1217,8/6/2025,62.25,6.49,31.1,46.2,Lettuce,87.9,26.2,IMG-2217
SEN-1218,8/7/2025,55.47,7.7,28.6,80.6,Lettuce,123.3,14.9,IMG-2218
SEN-1219,8/8/2025,69.45,4.62,24.5,48.8,Maize,110.7,11.1,IMG-2219
SEN-1220,8/9/2025,56.03,6.94,21.5,77.3,Lettuce,116.9,25.3,IMG-2220
SEN-1221,8/10/2025,49.78,5.54,20.1,83.5,Maize,89.1,13.6,IMG-2221
SEN-1222,8/11/2025,16.56,7.74,28.5,56,Wheat,106,7.8,IMG-2222
SEN-1223,8/12/2025,35.74,7.9,31.2,84.6,Wheat,126.7,19.3,IMG-2223
SEN-1224,8/13/2025,28.56,7.8,28.9,52.6,Wheat,77.7,19.5,IMG-2224
SEN-1225,8/14/2025,27.08,6.16,27,87.8,Tomatoes,126.7,22.9,IMG-2225
SEN-1226,8/15/2025,78.11,7.52,18.7,35.4,Wheat,101,11,IMG-2226
SEN-1227,8/16/2025,37.52,7.46,34.5,71.2,Lettuce,49.9,16.1,IMG-2227
SEN-1228,8/17/2025,72.44,5.62,31.6,59.6,Beans,33,12.1,IMG-2228
SEN-1229,8/18/2025,54.18,7.4,23,53.3,Maize,73.5,7,IMG-2229
SEN-1230,8/19/2025,65.64,4.63,34.7,68,Tomatoes,95.6,26.9,IMG-2230
SEN-1231,8/20/2025,45.18,6.59,28.2,72.2,Wheat,130.8,23.2,IMG-2231
SEN-1232,8/21/2025,50.38,5.31,27.9,30.3,Wheat,45.3,12.5,IMG-2232
SEN-1233,8/22/2025,44.48,4.92,30.7,40,Beans,126,20,IMG-2233
SEN-1234,8/23/2025,23.67,4.77,31.8,72.8,Beans,133.6,10,IMG-2234
SEN-1235,8/24/2025,60.57,6.94,29.2,70,Tomatoes,48.1,27.3,IMG-2235
SEN-1236,8/25/2025,29.65,5.69,20.2,88,Maize,132.2,7.9,IMG-2236
SEN-1237,8/26/2025,11.7,7.04,23.8,75.7,Wheat,149,5.1,IMG-2237
SEN-1238,8/27/2025,55.18,4.73,33.8,87,Tomatoes,117.2,17.6,IMG-2238
SEN-1239,8/28/2025,22.4,5.6,21.8,72.2,Lettuce,124.2,19.6,IMG-2239
SEN-1240,8/29/2025,75.83,6.39,24.3,47.9,Lettuce,149.3,19.5,IMG-2240
SEN-1241,8/30/2025,76.78,7.27,25.3,36.3,Tomatoes,102.7,6.4,IMG-2241
SEN-1242,8/31/2025,74.04,5.62,25.5,76.9,Wheat,66.9,12.9,IMG-2242
SEN-1243,9/1/2025,35.91,6.69,28.4,68.6,Tomatoes,130.5,17.5,IMG-2243
SEN-1244,9/2/2025,error,error,error,error,Wheat,error,error,IMG-2244
SEN-1245,9/3/2025,74.98,6.66,22.1,51.6,Beans,99.7,26.8,IMG-2245
SEN-1246,9/4/2025,39.97,5.32,20.1,87.4,Tomatoes,60.4,7.2,IMG-2246
SEN-1247,9/5/2025,77.67,4.59,21.4,60,Wheat,120.8,17.2,IMG-2247
SEN-1248,9/6/2025,77.45,7.55,33.1,56,Tomatoes,39.8,22.3,IMG-2248
SEN-1249,9/7/2025,69.71,4.57,29,57.5,Tomatoes,140.9,11.5,IMG-2249
SEN-1250,9/8/2025,30.61,7.56,22.9,42.5,Wheat,69.1,20.6,IMG-2250
SEN-1251,9/9/2025,36.96,6.35,31.9,52.1,Wheat,45.3,25.7,IMG-2251
SEN-1252,9/10/2025,69.58,7.79,32.6,52.2,Maize,83.1,9.8,IMG-2252
SEN-1253,9/11/2025,32.18,7.3,32.4,33.1,Tomatoes,35.1,27.9,IMG-2253
SEN-1254,9/12/2025,21.86,7.99,33.6,76.1,Lettuce,112.2,18.8,IMG-2254
SEN-1255,9/13/2025,48.98,5.73,22.3,55,Tomatoes,138.3,12.5,IMG-2255
SEN-1256,9/14/2025,75.53,7.19,30.8,79.3,Tomatoes,130.5,15.8,IMG-2256
SEN-1257,9/15/2025,58.72,5.91,25.8,81,Wheat,45.3,12.8,IMG-2257
SEN-1258,9/16/2025,49.9,6.18,32.3,42.7,Tomatoes,45.2,23.1,IMG-2258
SEN-1259,9/17/2025,16.8,6.7,30.4,69.4,Tomatoes,127.6,24.9,IMG-2259
SEN-1260,9/18/2025,53.05,7.56,31.2,58.3,Lettuce,140.9,25.8,IMG-2260
SEN-1261,9/19/2025,79.3,7.94,29.2,82.8,Wheat,85.3,29.6,IMG-2261
SEN-1262,9/20/2025,19.81,7.19,21,42.9,Tomatoes,89.9,24.8,IMG-2262
SEN-1263,9/21/2025,46.28,5.96,27.3,70.7,Beans,68.2,20,IMG-2263
SEN-1264,9/22/2025,71.42,5.97,34.7,66.5,Maize,137.3,13.5,IMG-2264
SEN-1265,9/23/2025,61.85,7.08,33.9,47.7,,107.4,18.6,IMG-2265
SEN-1266,9/24/2025,58.79,5.34,18.7,38.2,Tomatoes,64.6,6,IMG-2266
SEN-1267,9/25/2025,59.17,4.89,20.8,69.1,Beans,65.9,23.6,IMG-2267
SEN-1268,9/26/2025,35.16,5.74,20.2,74.3,Tomatoes,136.9,16.1,IMG-2268
SEN-1269,9/27/2025,30.55,5.51,30.3,48.9,Tomatoes,31.6,5.5,IMG-2269
SEN-1270,9/28/2025,66.66,5.54,31.9,68.7,Wheat,68.7,6.6,IMG-2270
SEN-1271,9/29/2025,66.71,5.32,21.6,53.7,Wheat,96.5,14.7,IMG-2271
SEN-1272,9/30/2025,70.7,4.65,26.6,72.8,Wheat,47.8,19.6,IMG-2272
SEN-1273,10/1/2025,73.93,4.56,32.3,42,Beans,41.1,16.6,IMG-2273
SEN-1274,10/2/2025,45.79,7.96,30.5,83.4,Tomatoes,127.8,20.5,IMG-2274
SEN-1275,10/3/2025,45.11,6,27.2,47.2,Maize,137.3,17,IMG-2275
SEN-1276,10/4/2025,65.88,5.85,28,52.1,Lettuce,128.8,21.5,IMG-2276
SEN-1277,10/5/2025,55.5,6.88,26.6,33.5,Wheat,137.9,10.5,IMG-2277
SEN-1278,10/6/2025,59.14,5.26,23.1,36.7,Wheat,96.4,7.8,IMG-2278
SEN-1279,10/7/2025,65.71,7.82,27.6,61,Tomatoes,127.5,19.9,IMG-2279
SEN-1280,10/8/2025,72.3,7.25,29.7,46.1,Tomatoes,76.1,17.1,IMG-2280
SEN-1281,10/9/2025,33.66,4.81,32.8,80.1,Beans,110,5.7,IMG-2281
SEN-1282,10/10/2025,36.29,5.96,28.8,30.9,Beans,148.7,14.5,IMG-2282
SEN-1283,10/11/2025,16.58,7.58,30.9,52.7,Wheat,57.1,7.7,IMG-2283
SEN-1284,10/12/2025,50.48,7.81,20.7,50.2,Tomatoes,76.8,18.3,IMG-2284
SEN-1285,10/13/2025,12.52,6.14,25.8,31.2,Maize,87.6,14.9,IMG-2285
SEN-1286,10/14/2025,42.59,6.65,18.2,37.5,Lettuce,46.6,20.3,IMG-2286
SEN-1287,10/15/2025,47.99,5.08,22.2,54.8,Tomatoes,39.7,25.1,IMG-2287
SEN-1288,10/16/2025,30.06,7.97,30.3,59.6,Tomatoes,129.6,12.5,IMG-2288
SEN-1289,10/17/2025,51.36,5.31,34.9,54.3,Beans,147.2,29.1,IMG-2289
SEN-1290,10/18/2025,12.14,7.8,19.7,61.9,Lettuce,78.6,18.4,IMG-2290
SEN-1291,10/19/2025,12.61,6.77,24.8,65.7,Wheat,40.5,20.5,IMG-2291
SEN-1292,10/20/2025,67.58,6.63,31.6,30.6,Tomatoes,37.9,22,IMG-2292
SEN-1293,10/21/2025,35.21,6.29,21.5,57.8,Wheat,137,21.7,IMG-2293
SEN-1294,10/22/2025,18.89,5.31,27.4,87.8,Tomatoes,85.7,17.8,IMG-2294
SEN-1295,10/23/2025,46.56,5.12,30.5,61.1,Wheat,68.4,15.7,IMG-2295
SEN-1296,10/24/2025,63.9,5.27,28.5,70.7,Lettuce,87.2,6.3,IMG-2296
SEN-1297,10/25/2025,25.11,5.15,21.2,48.7,Beans,68.2,5.6,IMG-2297
SEN-1298,10/26/2025,53.6,7.23,24,76.4,Lettuce,88.7,13.9,IMG-2298
SEN-1299,10/27/2025,15.97,5.73,31.3,76.4,Maize,133.1,13.3,IMG-2299
SEN-1300,10/28/2025,13.62,4.7,27.4,61.3,Beans,101.1,14.7,IMG-2300
SEN-1301,10/29/2025,47.19,7.89,18.1,88.6,Lettuce,113.4,8.5,IMG-2301
SEN-1302,10/30/2025,47.84,7.59,30.9,37.5,Maize,73.8,23.5,IMG-2302
SEN-1303,10/31/2025,54.62,7.75,18.6,31,Tomatoes,118.6,26.4,IMG-2303
SEN-1304,11/1/2025,60.83,7.98,30.7,76.2,Tomatoes,110,28.5,IMG-2304
SEN-1305,11/2/2025,78.31,5.11,21.4,78.4,Wheat,44.3,17.3,IMG-2305
SEN-1306,11/3/2025,46.14,5.89,34.3,37.2,Beans,98.7,22.5,IMG-2306
SEN-1307,11/4/2025,32.61,7.15,24.3,45.9,Tomatoes,60.8,26.4,IMG-2307
SEN-1308,11/5/2025,65.66,6.94,23.6,31.1,Beans,126.5,15.5,IMG-2308
SEN-1309,11/6/2025,28.96,5.04,20.5,47.6,Tomatoes,81.1,12.7,IMG-2309
SEN-1310,11/7/2025,40.73,7.36,23.2,76.4,Wheat,149.4,28.4,IMG-2310
SEN-1311,11/8/2025,15.49,5.29,32.9,61.1,Lettuce,41.1,17.9,IMG-2311
SEN-1312,11/9/2025,11.77,5.28,34.9,50.9,Wheat,123.6,17.4,IMG-2312
SEN-1313,11/10/2025,77.39,6.38,24.3,52.3,Maize,110.8,9.5,IMG-2313
SEN-1314,11/11/2025,68.52,6.58,25.6,30.1,Tomatoes,122.1,7.7,IMG-2314
SEN-1315,11/12/2025,58.72,6.53,30.3,48,Maize,66.9,26.1,IMG-2315
SEN-1316,11/13/2025,38.63,4.82,33.1,68.8,Maize,89,20.4,IMG-2316
SEN-1317,11/14/2025,22.13,7.57,28.1,88.5,,125.6,13.1,IMG-2317
SEN-1318,11/15/2025,20.95,5.43,24.7,80.8,Tomatoes,57.9,9.8,IMG-2318
SEN-1319,11/16/2025,27.52,4.95,25,31.4,Maize,57.1,18.9,IMG-2319
SEN-1320,11/17/2025,48.45,7.61,29.8,83.9,Lettuce,96.1,19.6,IMG-2320
SEN-1321,11/18/2025,60.02,7.84,18.1,77,,92.8,10.2,IMG-2321
SEN-1322,11/19/2025,56.21,7.52,28.5,76.8,Lettuce,63.9,26.3,IMG-2322
SEN-1323,11/20/2025,29.6,7.33,24,57.5,Beans,65.8,7.1,IMG-2323
SEN-1324,11/21/2025,76.84,6.79,31.5,53.9,Maize,63.3,13.9,IMG-2324
SEN-1325,11/22/2025,61.65,6.43,19.6,48.2,Wheat,122.6,22,IMG-2325
SEN-1326,11/23/2025,48.8,4.8,28,33.9,Beans,108.2,11.9,IMG-2326
SEN-1327,11/24/2025,52.82,5.93,26.2,43.7,Lettuce,129.9,25.7,IMG-2327
SEN-1328,11/25/2025,39.37,5.8,28.9,44.8,Beans,147.1,23.5,IMG-2328
SEN-1329,11/26/2025,27.34,5.41,19.1,59,Maize,86.9,24.7,IMG-2329
SEN-1330,11/27/2025,34.92,7.03,27.9,74.8,Tomatoes,38,8,IMG-2330
SEN-1331,11/28/2025,63.05,6.24,27.5,58.4,Tomatoes,35.8,8.5,IMG-2331
SEN-1332,11/29/2025,11.01,4.78,27.5,33.5,Lettuce,65.5,12.2,IMG-2332
SEN-1333,11/30/2025,18.13,5.27,28.3,87.5,Lettuce,141.9,18,IMG-2333
SEN-1334,12/1/2025,13.22,6.89,29.5,86.6,Tomatoes,92.8,23.7,IMG-2334
SEN-1335,12/2/2025,12.85,4.77,31.7,77.1,Lettuce,62.6,25.9,IMG-2335
SEN-1336,12/3/2025,69.88,7.48,22.6,89.5,Beans,77.9,22.6,IMG-2336
SEN-1337,12/4/2025,59.26,6.23,32,62.7,Wheat,101.8,28.2,IMG-2337
SEN-1338,12/5/2025,43.19,6.18,26.5,87.8,Wheat,108.4,23.5,IMG-2338
SEN-1339,12/6/2025,16.85,6.57,19.3,34.5,Beans,48.5,12.7,IMG-2339
SEN-1340,12/7/2025,44.41,7.39,19,51.9,Wheat,147.2,11.6,IMG-2340
SEN-1341,12/8/2025,43.14,5.72,23.7,43.5,Maize,95.4,22.4,IMG-2341
SEN-1342,12/9/2025,22.12,6.87,31.3,41.7,Beans,46.3,9.8,IMG-2342
SEN-1343,12/10/2025,40.37,6.48,30,38.4,Lettuce,137.2,7.3,IMG-2343
SEN-1344,12/11/2025,37.9,5.43,31.4,67.3,Beans,39,18.3,IMG-2344
SEN-1345,12/12/2025,53.11,7.58,26.8,76.9,Tomatoes,138.9,25.5,IMG-2345
SEN-1346,12/13/2025,54.46,7.29,25.5,64.7,Lettuce,149.6,7.5,IMG-2346
SEN-1347,12/14/2025,13.17,6.8,20.5,38.8,Tomatoes,114.1,24.8,IMG-2347
SEN-1348,12/15/2025,36.22,7.48,23.6,78.7,Lettuce,122.5,25.3,IMG-2348
SEN-1349,12/16/2025,53.81,7.54,25.4,68.2,Wheat,70.5,17.1,IMG-2349
SEN-1350,12/17/2025,45.22,6.98,19.5,53.3,Beans,143,6.4,IMG-2350
SEN-1351,12/18/2025,69.95,7.43,21.8,70.4,Maize,93.6,9.4,IMG-2351
SEN-1352,12/19/2025,56.11,6.94,28.2,45.6,Lettuce,117.9,22.7,IMG-2352
SEN-1353,12/20/2025,21.41,6.88,30.5,50.7,Lettuce,140.9,22.8,IMG-2353
SEN-1354,12/21/2025,14.94,6.67,35,85,Tomatoes,147,27.5,IMG-2354
SEN-1355,12/22/2025,54.97,7.13,33.9,47.4,Wheat,130,19.6,IMG-2355
SEN-1356,12/23/2025,11.86,5.06,28.9,58.2,Tomatoes,66.4,8.1,IMG-2356
SEN-1357,12/24/2025,51,7.58,25.2,83.4,Tomatoes,146,8,IMG-2357
SEN-1358,12/25/2025,75.82,7.55,28.8,72.5,Wheat,105.4,23,IMG-2358
SEN-1359,12/26/2025,50.28,4.6,31.4,33.7,Maize,141.7,9.6,IMG-2359
SEN-1360,12/27/2025,37.17,7.39,20,38.8,Tomatoes,111.1,13.2,IMG-2360
SEN-1361,12/28/2025,55.03,4.95,25,30.5,Tomatoes,66.9,17.2,IMG-2361
SEN-1362,12/29/2025,42.08,5.67,32.3,67.9,Lettuce,74.4,5.6,IMG-2362
SEN-1363,12/30/2025,48.19,7.1,24.5,56.9,Wheat,96.1,11.2,IMG-2363
SEN-1364,12/31/2025,75.9,5.06,27.7,38.1,Beans,124.8,15.2,IMG-2364
SEN-1365,1/1/2026,37.03,7.36,28,87.5,Maize,68.2,12,IMG-2365
SEN-1366,1/2/2026,77.28,7.41,21.1,61.8,Maize,99.6,8.4,IMG-2366
SEN-1367,1/3/2026,73.37,6.28,24.2,44.5,Wheat,71.5,23.2,IMG-2367
SEN-1368,1/4/2026,23.71,4.52,23.7,60,Lettuce,127.9,25.3,IMG-2368
SEN-1369,1/5/2026,14.86,5.5,18.4,70.8,Lettuce,86,11.4,IMG-2369
SEN-1370,1/6/2026,17.05,6.66,18.4,34.6,Wheat,39.2,24.4,IMG-2370
SEN-1371,1/7/2026,11.28,7.93,32.1,46.5,Lettuce,49.9,14.6,IMG-2371
SEN-1372,1/8/2026,16.61,6.71,22.6,78.4,Maize,37.3,17.7,IMG-2372
SEN-1373,1/9/2026,57.81,5.41,26.8,57.6,Maize,89.9,26.4,IMG-2373
SEN-1374,1/10/2026,14.98,6.72,23.1,62.8,Beans,42.8,23.7,IMG-2374
SEN-1375,1/11/2026,32.33,6.39,34,56,Wheat,43.7,25.1,IMG-2375
SEN-1376,1/12/2026,69.14,7.23,22.4,32.6,Tomatoes,142.9,8.4,IMG-2376
SEN-1377,1/13/2026,11.63,4.87,25.3,39.9,Tomatoes,134.7,6.7,IMG-2377
SEN-1378,1/14/2026,67.01,7.16,32.8,56.7,Beans,84.3,27.3,IMG-2378
SEN-1379,1/15/2026,29.73,6.39,32.3,42.6,Beans,148.3,14.7,IMG-2379
SEN-1380,1/16/2026,18.27,7.87,21.2,33,Lettuce,30,12.2,IMG-2380
SEN-1381,1/17/2026,58.77,5.7,31.6,80.6,Beans,103.7,23.1,IMG-2381
SEN-1382,1/18/2026,54.03,6.71,25.8,88.9,Beans,104,25.9,IMG-2382
SEN-1383,1/19/2026,71.42,7.76,26.2,77.6,Tomatoes,84.9,26.6,IMG-2383
SEN-1384,1/20/2026,61.45,4.86,20.3,81.2,Lettuce,77.6,12.9,IMG-2384
SEN-1385,1/21/2026,66.24,7.78,19.4,44.5,Beans,84.6,26.3,IMG-2385
SEN-1386,1/22/2026,29.74,6.91,30.4,87.6,Beans,79.8,6,IMG-2386
SEN-1387,1/23/2026,22.42,4.74,26.4,41.8,Lettuce,117.7,6.2,IMG-2387
SEN-1388,1/24/2026,62.54,5.55,25.4,87.1,Wheat,46.2,20.6,IMG-2388
SEN-1389,1/25/2026,66.48,6.98,30.4,89.7,Lettuce,53.7,6.6,IMG-2389
SEN-1390,1/26/2026,79.34,4.74,31,72.7,Tomatoes,51.7,13.1,IMG-2390
SEN-1391,1/27/2026,38.88,6.54,20.7,88.9,Wheat,61.5,21.8,IMG-2391
SEN-1392,1/28/2026,36.04,5.71,28.4,64.2,Maize,93,13.4,IMG-2392
SEN-1393,1/29/2026,64.35,6.67,20.3,45.6,Lettuce,43.3,9.5,IMG-2393
SEN-1394,1/30/2026,33.86,4.66,30.8,56.2,Tomatoes,134.2,12,IMG-2394
SEN-1395,1/31/2026,75.15,7.55,29.2,65.6,Wheat,65.7,16.4,IMG-2395
SEN-1396,2/1/2026,70.09,7.91,34.3,34.4,Lettuce,49.5,16.9,IMG-2396
SEN-1397,2/2/2026,40.03,7.89,19.2,67.3,Beans,111.1,24.6,IMG-2397
SEN-1398,2/3/2026,62.56,7.12,19,88.9,Lettuce,34.6,23.8,IMG-2398
SEN-1399,2/4/2026,62.82,4.96,22.8,41.4,Maize,104.4,16.4,IMG-2399
SEN-1400,2/5/2026,17.22,7.15,22.4,77.6,Lettuce,113.8,26.1,IMG-2400
SEN-1401,2/6/2026,73.18,4.59,22.2,84.5,Wheat,55.8,7.9,IMG-2401
SEN-1402,2/7/2026,45.37,4.58,33.4,86.6,Wheat,35,11.4,IMG-2402
SEN-1403,2/8/2026,67.85,5.63,22.2,87.6,Lettuce,73.6,25.7,IMG-2403
SEN-1404,2/9/2026,32.4,6.21,22.6,61.3,Wheat,41.8,14.4,IMG-2404
SEN-1405,2/10/2026,72.69,7.2,30.9,88.6,Beans,44,29.5,IMG-2405
SEN-1406,2/11/2026,37.24,6.89,25.6,75.4,Lettuce,60.5,16.7,IMG-2406
SEN-1407,2/12/2026,10.76,6.06,31.2,39.7,Beans,65.5,24.8,IMG-2407
SEN-1408,2/13/2026,73.38,5.46,19.1,58.6,Beans,93.6,15.1,IMG-2408
SEN-1409,2/14/2026,16.39,7.99,26.3,73.1,Tomatoes,111.4,15.6,IMG-2409
SEN-1410,2/15/2026,32.35,5.99,18.6,44.8,Lettuce,101.1,14.6,IMG-2410
SEN-1411,2/16/2026,76.5,6.08,19.1,68.4,Wheat,47.8,23,IMG-2411
SEN-1412,2/17/2026,76.54,5.07,33.4,70,Beans,50.7,18.7,IMG-2412
SEN-1413,2/18/2026,50.14,7.28,20.4,39.8,Tomatoes,135.5,28.6,IMG-2413
SEN-1414,2/19/2026,54.23,6.93,27.1,63.9,Lettuce,97,11.3,IMG-2414
SEN-1415,2/20/2026,41.39,5.27,25,76.3,Lettuce,134.4,7.5,IMG-2415
SEN-1416,2/21/2026,30.52,4.79,23.9,59.9,Maize,74.6,14.8,IMG-2416
SEN-1417,2/22/2026,33.01,6.88,33.3,30.7,Maize,103.7,20.4,IMG-2417
SEN-1418,2/23/2026,57.08,6.79,18.4,30.5,Beans,92.8,26.5,IMG-2418
SEN-1419,2/24/2026,62.67,5.46,29.3,51.4,Maize,68.3,13.7,IMG-2419
SEN-1420,2/25/2026,65.41,7.83,34.4,85.6,Beans,86.4,21.3,IMG-2420
SEN-1421,2/26/2026,65.27,5.03,27.5,43.7,Wheat,90.3,13.8,IMG-2421
SEN-1422,2/27/2026,16.38,6.01,33.9,68.1,Beans,54.1,20.4,IMG-2422
SEN-1423,2/28/2026,44.61,7.8,18.9,43.3,Maize,67.8,27.1,IMG-2423
SEN-1424,3/1/2026,14.03,5.97,25.1,49.3,Wheat,125,10.8,IMG-2424
SEN-1425,3/2/2026,48.47,6.73,22.4,80.9,Maize,139.9,15.1,IMG-2425
SEN-1426,3/3/2026,40.91,5.89,30.4,73.7,Beans,73.2,29.8,IMG-2426
SEN-1427,3/4/2026,72.14,5.46,34.7,35.7,Tomatoes,66.8,26.7,IMG-2427
SEN-1428,3/5/2026,34.56,7.94,22.4,55.7,Lettuce,53.4,19.1,IMG-2428
SEN-1429,3/6/2026,18.19,5.93,29.1,31.8,Maize,111.4,17.9,IMG-2429
SEN-1430,3/7/2026,20.01,7.63,21.4,58.9,Beans,68.8,12.1,IMG-2430
SEN-1431,3/8/2026,63.31,5.3,27.6,69.7,Wheat,148.5,17.9,IMG-2431
SEN-1432,3/9/2026,53.28,5.25,25.9,37.1,Maize,69.1,26.2,IMG-2432
SEN-1433,3/10/2026,17.08,4.61,34.5,47.3,Maize,77.3,22.1,IMG-2433
SEN-1434,3/11/2026,15.89,6.78,28.3,53.9,Lettuce,102.4,12.3,IMG-2434
SEN-1435,3/12/2026,59.07,5.79,23.9,85.2,Beans,126.2,10,IMG-2435
SEN-1436,3/13/2026,15.09,7.53,19.9,89.6,Tomatoes,86.3,11.6,IMG-2436
SEN-1437,3/14/2026,67.53,6.16,20.6,32.7,Wheat,80.7,9.2,IMG-2437
SEN-1438,3/15/2026,59.44,7.89,21.8,75.7,Beans,149.5,7.4,IMG-2438
SEN-1439,3/16/2026,15.69,5.15,22.3,52.3,Wheat,31.3,15.5,IMG-2439
SEN-1440,3/17/2026,15.94,7.54,32.5,53.5,Maize,137.4,7.8,IMG-2440
SEN-1441,3/18/2026,79.06,7.22,27.5,75.3,Lettuce,47.9,9.3,IMG-2441
SEN-1442,3/19/2026,36.2,7.2,26.9,85.1,Lettuce,124.3,18.7,IMG-2442
SEN-1443,3/20/2026,35.94,7.46,20,87.1,Tomatoes,104.2,9.1,IMG-2443
SEN-1444,3/21/2026,66.9,7.16,32.6,64.6,Lettuce,71,6.6,IMG-2444
SEN-1445,3/22/2026,76.31,6.69,30.3,51.4,Maize,134.9,12.9,IMG-2445
SEN-1446,3/23/2026,79.02,4.96,19.2,77.3,Tomatoes,31.5,10.5,IMG-2446
SEN-1447,3/24/2026,62.74,4.61,30,45.1,Beans,57.2,17.9,IMG-2447
SEN-1448,3/25/2026,36.34,7.72,27.2,63.8,Lettuce,98,7.6,IMG-2448
SEN-1449,,15.85,6.66,19.4,51.5,Tomatoes,72.2,23.8,IMG-2449
SEN-1450,3/27/2026,64.4,7.29,25.8,69.4,Maize,103.2,27.7,IMG-2450
SEN-1451,3/28/2026,49.09,6.19,26.2,44.4,Wheat,32.9,23.6,IMG-2451
SEN-1452,3/29/2026,39.7,4.91,20.8,41.5,Wheat,44,18.3,IMG-2452
SEN-1453,3/30/2026,73.44,4.94,34.1,85.1,Maize,45.3,26.5,IMG-2453
SEN-1454,3/31/2026,17.78,6.9,32.4,36.1,Maize,52.7,22.4,IMG-2454
SEN-1455,4/1/2026,44.48,6.01,29.4,60.4,Wheat,85.1,5.3,IMG-2455
SEN-1456,,10.79,5.2,25.9,43.3,Tomatoes,120.3,14.9,IMG-2456
SEN-1457,4/3/2026,42.81,6.22,25,32.3,Wheat,138.7,26.3,IMG-2457
SEN-1458,4/4/2026,13.94,4.72,29.1,32.2,Maize,130.2,13.6,IMG-2458
SEN-1459,4/5/2026,error,error,error,error,Lettuce,error,error,IMG-2459
SEN-1460,4/6/2026,18.23,5.44,19.1,82,Beans,82.9,23.7,IMG-2460
SEN-1461,4/7/2026,55.44,7.29,26.7,46.9,Lettuce,53.9,25.1,IMG-2461
SEN-1462,4/8/2026,62.22,5.59,31.7,87,Lettuce,61.7,9,IMG-2462
SEN-1463,4/9/2026,50.84,6.09,25.8,64.9,Maize,90.4,18.4,IMG-2463
SEN-1464,4/10/2026,77.35,4.54,18.9,56.2,Wheat,38.2,9.8,IMG-2464
SEN-1465,4/11/2026,36.24,4.75,31.4,64.8,Tomatoes,56.2,23,IMG-2465
SEN-1466,4/12/2026,30,5.87,21.4,61,Lettuce,142.2,11.8,IMG-2466
SEN-1467,4/13/2026,70.8,6.18,22.4,75.5,Wheat,85.9,12.9,IMG-2467
SEN-1468,4/14/2026,25.65,6.6,20.8,46.9,Tomatoes,83.4,26.1,IMG-2468
SEN-1469,4/15/2026,77.43,5.52,23.6,51.2,Lettuce,31.7,16.9,IMG-2469
SEN-1470,4/16/2026,10.85,6.93,30.9,83.6,Tomatoes,59.7,21.7,IMG-2470
SEN-1471,4/17/2026,77.89,7.51,26.8,86.8,Wheat,134,15.1,IMG-2471
SEN-1472,4/18/2026,13.02,7.23,21.5,83.6,Beans,49.8,12.5,IMG-2472
SEN-1473,4/19/2026,72.38,4.64,32.9,55.2,Wheat,79.8,20.6,IMG-2473
SEN-1474,4/20/2026,46.94,6.18,33,76.8,Maize,31.7,8.9,IMG-2474
SEN-1475,4/21/2026,79.51,4.87,32.8,58.6,Tomatoes,87.4,14.3,IMG-2475
SEN-1476,4/22/2026,15.17,5.35,22.1,59.9,Beans,32.5,10.2,IMG-2476
SEN-1477,4/23/2026,48.77,7.95,25.7,42.3,Tomatoes,128.4,22.4,IMG-2477
SEN-1478,4/24/2026,77.85,5,34.7,65.5,Tomatoes,129,28.6,IMG-2478
SEN-1479,4/25/2026,46.62,6.25,31.1,41.2,Lettuce,124.5,29.9,IMG-2479
SEN-1480,4/26/2026,54.06,6.66,18.5,49.9,Maize,64,16.3,IMG-2480
SEN-1481,4/27/2026,58.7,6.96,19.1,81.3,Tomatoes,130.5,11.3,IMG-2481
SEN-1482,4/28/2026,41.82,6.46,25.9,42.4,Wheat,95.2,16.1,IMG-2482
SEN-1483,4/29/2026,53.93,4.53,33.5,34.3,Wheat,74.9,26.2,IMG-2483
SEN-1484,,50.9,5.64,27.2,34.1,Lettuce,105,10.2,IMG-2484
SEN-1485,5/1/2026,73.08,6.31,26.5,86.4,Maize,31.5,28.8,IMG-2485
SEN-1486,5/2/2026,13.18,4.81,19.8,60.4,Maize,47.2,13.5,IMG-2486
SEN-1487,5/3/2026,29.67,5.73,29.2,54.6,Wheat,119.1,29.6,IMG-2487
SEN-1488,5/4/2026,76.53,4.62,32,78.7,Beans,59.3,26,IMG-2488
SEN-1489,5/5/2026,72.32,4.78,24.5,80.1,Lettuce,101.8,25.2,IMG-2489
SEN-1490,5/6/2026,41.9,5.89,31.2,49.9,Lettuce,76.2,12.9,IMG-2490
SEN-1491,5/7/2026,53.41,4.96,34.4,71.6,Wheat,132.6,5.2,IMG-2491
SEN-1492,5/8/2026,29.42,6.49,21.5,76.3,Wheat,144.3,14.6,IMG-2492
SEN-1493,5/9/2026,23.17,6.91,26.9,69.3,Beans,136,12.5,IMG-2493
SEN-1494,5/10/2026,42.46,7.3,22.9,39.1,Beans,62.5,5.9,IMG-2494
SEN-1495,5/11/2026,34.73,5.2,31.5,82.6,Maize,53.3,17.6,IMG-2495
SEN-1496,5/12/2026,50.86,5.09,27.8,62.3,Lettuce,86.9,15.1,IMG-2496
SEN-1497,5/13/2026,15.44,4.87,28.8,46.9,Lettuce,30.9,20.9,IMG-2497
SEN-1498,5/14/2026,78.21,6.73,31.6,55.5,Wheat,33.1,20.5,IMG-2498
SEN-1499,5/15/2026,79.03,6.97,24.7,32.3,Maize,96.4,8,IMG-2499
SEN-1500,5/16/2026,58.87,4.61,33.6,37.7,Lettuce,92.5,29.4,IMG-2500
SEN-1501,5/17/2026,47.53,7.78,27.1,75.9,Maize,149.3,9.7,IMG-2501
SEN-1502,5/18/2026,31.67,4.68,20.7,30,Maize,54.2,16.1,IMG-2502
SEN-1503,5/19/2026,66.97,6.39,29.8,55,Wheat,61,17.2,IMG-2503
SEN-1504,5/20/2026,57.93,6.98,31.5,61.4,Maize,43.6,25.3,IMG-2504
SEN-1505,5/21/2026,21.38,7.55,23.4,33.3,Beans,140.1,7.5,IMG-2505
SEN-1506,5/22/2026,73.76,7,32.6,88.4,Beans,123.3,15.7,IMG-2506
SEN-1507,5/23/2026,67.58,7.31,33.4,43.6,Tomatoes,128.7,20.7,IMG-2507
SEN-1508,5/24/2026,76.49,5.69,22.7,48.3,Wheat,138.3,10.4,IMG-2508
SEN-1509,5/25/2026,60.8,7.35,34.7,48.2,Tomatoes,93,20.7,IMG-2509
SEN-1510,5/26/2026,52.94,4.78,20.4,43.8,Beans,84.1,28.1,IMG-2510
SEN-1511,5/27/2026,39.28,7.63,21.4,30.1,Tomatoes,69.6,29.9,IMG-2511
SEN-1512,5/28/2026,75.29,6.42,21.1,73.8,Wheat,100.7,5.8,IMG-2512
SEN-1513,5/29/2026,70.62,7.36,33.2,88,Wheat,84.5,10.9,IMG-2513
SEN-1514,5/30/2026,13.17,6.08,29.1,43.5,Maize,84.2,12.8,IMG-2514
SEN-1515,5/31/2026,11.85,6.75,20.6,69.8,Lettuce,142.4,15,IMG-2515
SEN-1516,6/1/2026,36.35,6.34,25.5,74.5,Maize,148.1,11.1,IMG-2516
SEN-1517,6/2/2026,66.74,7.06,28.5,80.9,Wheat,125.6,10.1,IMG-2517
SEN-1518,6/3/2026,79.11,4.79,19.4,55.4,Beans,120.8,28.9,IMG-2518
SEN-1519,6/4/2026,20.53,4.71,33,48.2,Beans,111.7,28,IMG-2519
SEN-1520,6/5/2026,51.59,5.36,31.7,49.5,Maize,49.9,6.2,IMG-2520
SEN-1521,6/6/2026,36.66,5.06,26.6,72.8,Wheat,37.1,13.5,IMG-2521
SEN-1522,6/7/2026,77.89,7.55,34.4,79,Beans,112.9,15.1,IMG-2522
SEN-1523,6/8/2026,68.95,5.27,25.1,40.9,Wheat,117.5,11,IMG-2523
SEN-1524,6/9/2026,68.68,7.92,34.7,52.3,Beans,35.6,20.7,IMG-2524
SEN-1525,6/10/2026,42.81,5.68,29.4,84.1,Wheat,141.4,21,IMG-2525
SEN-1526,6/11/2026,39.04,5.14,28.8,78.4,Tomatoes,40.9,26.3,IMG-2526
SEN-1527,6/12/2026,29.14,7.26,20.8,89.1,Wheat,64.3,23.5,IMG-2527
SEN-1528,6/13/2026,13.95,6.81,33,75.3,Wheat,110.7,18.6,IMG-2528
SEN-1529,6/14/2026,70.53,6.24,25.3,53.6,Maize,50.4,21.3,IMG-2529
SEN-1530,6/15/2026,66.9,6.44,20.8,65.4,Tomatoes,36.6,11.8,IMG-2530
SEN-1531,6/16/2026,79.98,7.02,18.2,69.7,Lettuce,69.7,19.8,IMG-2531
SEN-1532,6/17/2026,79.76,5.3,27.5,34.7,Maize,121.9,17.2,IMG-2532
SEN-1533,6/18/2026,48.88,7.99,27,62.7,Lettuce,79.6,8.3,IMG-2533
SEN-1534,6/19/2026,63.83,7.91,30.2,72.6,Beans,108.4,11.1,IMG-2534
SEN-1535,6/20/2026,76.13,6.78,33.1,40,Lettuce,99.6,12.3,IMG-2535
SEN-1536,6/21/2026,69.48,5.2,19.3,76.8,Wheat,32.7,28.1,IMG-2536
SEN-1537,6/22/2026,27.31,6.88,30.4,65,Lettuce,148.6,10.8,IMG-2537
SEN-1538,6/23/2026,41.54,4.75,21.2,87.1,Maize,35,12.2,IMG-2538
SEN-1539,6/24/2026,19.04,4.61,32.6,32.5,Maize,146.1,14.2,IMG-2539
SEN-1540,6/25/2026,76.78,5.4,31.9,45.9,Lettuce,96,21.6,IMG-2540
SEN-1541,6/26/2026,52.43,6.12,27.2,66.1,Maize,145.6,8,IMG-2541
SEN-1542,6/27/2026,26,7.54,30.1,47.8,Maize,43.8,28.8,IMG-2542
SEN-1543,6/28/2026,57.02,7.05,23.3,72.9,Lettuce,88.8,26.6,IMG-2543
SEN-1544,6/29/2026,53.27,7.1,26,75.5,Tomatoes,50.3,19.4,IMG-2544
SEN-1545,6/30/2026,35.07,5.99,32,36.2,Tomatoes,36.1,21.9,IMG-2545
SEN-1546,7/1/2026,17.95,5.71,25.8,60.8,Beans,104.1,5.4,IMG-2546
SEN-1547,7/2/2026,57.01,5.8,24.1,60.5,Maize,54.9,13.5,IMG-2547
SEN-1548,7/3/2026,46.42,7.96,26.4,52.2,Lettuce,100.5,24.9,IMG-2548
SEN-1549,7/4/2026,64.06,4.64,32.1,86,Maize,43.5,6.9,IMG-2549
SEN-1550,7/5/2026,46.41,7.53,23.7,79.7,Wheat,69.8,12.1,IMG-2550
SEN-1551,7/6/2026,69.65,6.53,21,71.8,Maize,123.8,19.6,IMG-2551
SEN-1552,7/7/2026,48.63,6.04,30.1,72.9,Maize,82.4,11.4,IMG-2552
SEN-1553,7/8/2026,49.27,7.04,32,57.7,Tomatoes,105.3,28.3,IMG-2553
SEN-1554,7/9/2026,71.37,6.2,19.7,85.3,Lettuce,107.7,8.3,IMG-2554
SEN-1555,7/10/2026,38.24,7.56,22.1,71.7,Maize,131.3,24.9,IMG-2555
SEN-1556,7/11/2026,19.38,7.65,20.4,73.7,Tomatoes,69,17.7,IMG-2556
SEN-1557,7/12/2026,12.01,5.98,23.9,81.7,Beans,112.5,23.8,IMG-2557
SEN-1558,7/13/2026,62.86,5.47,25.7,46.4,Tomatoes,145.4,12.8,IMG-2558
SEN-1559,7/14/2026,53.42,6.57,30.7,78.4,Tomatoes,117.6,17.9,IMG-2559
SEN-1560,7/15/2026,59.29,7.69,29.1,41.7,Tomatoes,88.8,26.4,IMG-2560
SEN-1561,7/16/2026,24.91,5.24,28.6,50.7,Maize,105.7,16.7,IMG-2561
SEN-1562,7/17/2026,19.55,6.68,24,50.1,Maize,118.8,14,IMG-2562
SEN-1563,7/18/2026,11.02,6.71,32.3,88.7,Beans,103.5,18.4,IMG-2563
SEN-1564,7/19/2026,34.54,7.07,26,81.4,Wheat,32,22.9,IMG-2564
SEN-1565,7/20/2026,51.29,4.96,34.6,72.1,Wheat,53.4,16.1,IMG-2565
SEN-1566,7/21/2026,37.46,7.01,28.8,73.6,Wheat,127.3,28.5,IMG-2566
SEN-1567,7/22/2026,40.62,7.68,20.1,63.7,Beans,62.7,12.4,IMG-2567
SEN-1568,7/23/2026,73.29,5.13,29.5,86.8,Wheat,117.8,16.9,IMG-2568
SEN-1569,7/24/2026,34.38,5.33,23.5,59.8,Wheat,74.7,23.9,IMG-2569
SEN-1570,7/25/2026,45.98,7.9,29.7,52.8,Tomatoes,92.6,22.2,IMG-2570
SEN-1571,7/26/2026,64.86,5.13,19.2,39.8,Maize,38.2,26.6,IMG-2571
SEN-1572,7/27/2026,37.76,7.49,21,77.2,Maize,51.7,29.9,IMG-2572
SEN-1573,7/28/2026,53.55,6.22,32.5,74.1,Tomatoes,144.9,15.7,IMG-2573
SEN-1574,7/29/2026,70.37,5.37,21.9,53.1,Tomatoes,136.8,7.8,IMG-2574
SEN-1575,7/30/2026,76.47,7.55,32.2,31.5,Tomatoes,108.3,5.8,IMG-2575
SEN-1576,7/31/2026,20.3,6.06,22.7,80.3,Maize,85.2,23.2,IMG-2576
SEN-1577,8/1/2026,74.86,6.3,28.9,30.7,Wheat,111.1,26.9,IMG-2577
SEN-1578,8/2/2026,44.45,5.76,29.8,72.2,Tomatoes,104.2,10.5,IMG-2578
SEN-1579,8/3/2026,28.08,6.58,26.7,88.2,Beans,98.2,9,IMG-2579
SEN-1580,8/4/2026,42.14,5.07,23.2,56.3,Tomatoes,37.1,6.6,IMG-2580
SEN-1581,8/5/2026,78.6,5.87,21.6,44.1,Lettuce,105.9,25.6,IMG-2581
SEN-1582,8/6/2026,44.48,7.89,18.6,72.3,Tomatoes,122.3,12.8,IMG-2582
SEN-1583,8/7/2026,33.01,5.4,23.2,79,Maize,149.3,15,IMG-2583
SEN-1584,8/8/2026,54.34,6.8,29.1,62.8,Tomatoes,31.3,17.6,IMG-2584
SEN-1585,8/9/2026,26.81,5.64,34,88,Lettuce,117.6,26,IMG-2585
SEN-1586,8/10/2026,15.31,7.21,32.8,33.1,Beans,98.6,21.3,IMG-2586
SEN-1587,8/11/2026,19.02,4.96,31,60.3,Wheat,82.1,20.4,IMG-2587
SEN-1588,8/12/2026,18.96,7.89,31.4,73.1,Tomatoes,45.3,9.4,IMG-2588
SEN-1589,8/13/2026,20.63,6.09,29.3,81.8,Lettuce,79.1,17.8,IMG-2589
SEN-1590,8/14/2026,19.72,5.33,22.4,40.8,Lettuce,72.5,22.9,IMG-2590
SEN-1591,8/15/2026,54.86,4.76,33.4,78,Beans,66.3,29.3,IMG-2591
SEN-1592,8/16/2026,22.73,5.09,29.4,63.2,Maize,117.7,10,IMG-2592
SEN-1593,8/17/2026,34.2,6.32,27.5,53.8,Tomatoes,114.1,5.2,IMG-2593
SEN-1594,8/18/2026,72.78,5.68,19.9,37.9,Lettuce,100.7,6.9,IMG-2594
SEN-1595,8/19/2026,43.18,7.4,25.6,81.9,Beans,142.6,14.4,IMG-2595
SEN-1596,8/20/2026,56.73,6.01,25.8,39.4,Wheat,72,25.5,IMG-2596
SEN-1597,8/21/2026,22.06,5.37,32.7,48.6,Lettuce,59.3,5.2,IMG-2597
SEN-1598,8/22/2026,23.46,6.66,27.3,47.4,Beans,108.7,16.4,IMG-2598
SEN-1599,8/23/2026,12.86,6.97,24.5,82.3,Maize,53.9,13.2,IMG-2599
SEN-1600,8/24/2026,21.83,5.08,34.6,70.4,Maize,67.8,6.3,IMG-2600
SEN-1601,8/25/2026,29.5,5.09,19.9,77.8,Lettuce,57,16.3,IMG-2601
SEN-1602,8/26/2026,22.39,4.63,25.2,45,Lettuce,38.3,11.4,IMG-2602
SEN-1603,8/27/2026,16.21,7.08,18.7,67.5,Tomatoes,129.3,13.8,IMG-2603
SEN-1604,8/28/2026,18.44,6.82,30.6,64.3,Beans,60.5,22.6,IMG-2604
SEN-1605,8/29/2026,42.25,6.16,33.6,80,Lettuce,86.8,18,IMG-2605
SEN-1606,8/30/2026,24.44,7.45,22.8,84.4,Tomatoes,35.2,8.1,IMG-2606
SEN-1607,8/31/2026,35.5,7.32,32.6,30.7,Tomatoes,113.9,29,IMG-2607
SEN-1608,9/1/2026,45.24,6.55,23,70.4,Lettuce,69.7,20.9,IMG-2608
SEN-1609,9/2/2026,58.33,7.54,33.5,33.1,Maize,119.4,24.1,IMG-2609
SEN-1610,9/3/2026,12.75,5.22,30.8,62.9,Beans,79.5,7,IMG-2610
SEN-1611,9/4/2026,65.96,4.89,31.7,47.3,Beans,53.5,6.2,IMG-2611
SEN-1612,9/5/2026,53.95,5.44,18.3,48.4,Maize,91.6,5.5,IMG-2612
SEN-1613,9/6/2026,15.72,4.7,34.4,51.2,Lettuce,45.7,9.7,IMG-2613
SEN-1614,9/7/2026,71.15,6.36,30.4,67.3,Beans,82.9,15.4,IMG-2614
SEN-1615,9/8/2026,74.46,7.78,23.2,50,Lettuce,68.1,28.4,IMG-2615
SEN-1616,9/9/2026,14.28,4.64,32.1,74,Lettuce,139.4,16.4,IMG-2616
SEN-1617,9/10/2026,29.38,4.93,22.8,54.3,Tomatoes,37.3,12.3,IMG-2617
SEN-1618,9/11/2026,66.43,6.08,32.8,34.1,Maize,113.3,19,IMG-2618
SEN-1619,9/12/2026,62.38,7.77,19.9,77,Lettuce,51.9,7.8,IMG-2619
SEN-1620,9/13/2026,22.92,5.61,30,47.1,Wheat,68.3,20.2,IMG-2620
SEN-1621,9/14/2026,24.65,6.28,27.2,56,Maize,79.9,19.2,IMG-2621
SEN-1622,9/15/2026,35.93,4.65,19.6,71.1,Beans,139,24.8,IMG-2622
SEN-1623,9/16/2026,43.92,5.02,22.1,49.9,Tomatoes,59.1,29.7,IMG-2623
SEN-1624,9/17/2026,53.28,7.95,18.2,33.4,Beans,41,11.3,IMG-2624
SEN-1625,9/18/2026,35.82,7.88,26,52.4,Beans,68.2,17.7,IMG-2625
SEN-1626,9/19/2026,42.38,4.52,23.1,86.7,Maize,42.6,27.7,IMG-2626
SEN-1627,9/20/2026,62.32,7.83,28.2,68.5,Beans,45.4,24.6,IMG-2627
SEN-1628,9/21/2026,12.57,6.74,23.1,70.3,Lettuce,98.9,17.2,IMG-2628
SEN-1629,9/22/2026,27.67,7.54,23.1,67.9,Beans,37.3,28.6,IMG-2629
SEN-1630,9/23/2026,59.93,6.09,30.6,41.9,Tomatoes,33.7,6.4,IMG-2630
SEN-1631,9/24/2026,72.66,6.3,18.8,55.1,Tomatoes,115.7,28.3,IMG-2631
SEN-1632,9/25/2026,45.82,6.21,33.3,75.1,Wheat,73.4,6.3,IMG-2632
SEN-1633,9/26/2026,47.25,6.83,32.5,36.1,Tomatoes,45,18.7,IMG-2633
SEN-1634,9/27/2026,17.5,4.99,29.4,46.7,Beans,60.4,27.3,IMG-2634
SEN-1635,9/28/2026,41.32,4.6,28.1,46.6,Tomatoes,107.1,11.6,IMG-2635
SEN-1636,9/29/2026,47.28,5.58,33.2,55.9,Maize,63.1,16.8,IMG-2636
SEN-1637,9/30/2026,26.97,6.97,21.2,88.8,Tomatoes,89.3,13.1,IMG-2637
SEN-1638,10/1/2026,28.85,5.21,19.3,34.1,Lettuce,44.6,28.8,IMG-2638
SEN-1639,10/2/2026,36.41,6.86,22.1,61.1,Maize,100.6,25.6,IMG-2639
SEN-1640,10/3/2026,11.4,7.89,31.5,40.8,Wheat,67.9,22.7,IMG-2640
SEN-1641,10/4/2026,32.55,4.83,18.6,88.2,Lettuce,105.2,19.7,IMG-2641
SEN-1642,10/5/2026,24.8,6.85,27.9,36.8,Beans,127,25.5,IMG-2642
SEN-1643,10/6/2026,32.92,6.05,34.9,54.2,Beans,103.4,14.8,IMG-2643
SEN-1644,10/7/2026,18.38,7.54,32.5,74.3,Beans,65.5,16.2,IMG-2644
SEN-1645,10/8/2026,72.34,5.12,26.9,72.3,Lettuce,60.7,23.3,IMG-2645
SEN-1646,10/9/2026,51.55,6.92,19.1,55.4,Lettuce,69.3,13.9,IMG-2646
SEN-1647,10/10/2026,57.54,7.43,32.1,50.8,Lettuce,49.8,6.6,IMG-2647
SEN-1648,10/11/2026,65.24,7.81,28.2,53.9,Maize,51.7,6.9,IMG-2648
SEN-1649,10/12/2026,44.89,6.89,20,45.9,Maize,124.9,7.9,IMG-2649
SEN-1650,10/13/2026,16.08,6.24,19.6,42.3,Beans,76.2,26.7,IMG-2650
SEN-1651,10/14/2026,47.6,6.66,33.5,59,Tomatoes,82.3,16.8,IMG-2651
SEN-1652,10/15/2026,51.08,7.54,29.4,46.1,Beans,101.3,22.8,IMG-2652
SEN-1653,10/16/2026,62.18,6.5,32.1,47.2,Wheat,100.8,14.8,IMG-2653
SEN-1654,10/17/2026,40.22,4.61,32.9,69.4,Maize,38.1,11.5,IMG-2654
SEN-1655,10/18/2026,18.93,7.76,27.7,88.1,Lettuce,129.8,13.7,IMG-2655
SEN-1656,10/19/2026,29.86,6.91,26.8,66.2,Maize,51.3,24.9,IMG-2656
SEN-1657,10/20/2026,35.42,6.87,25.3,34.6,Lettuce,116.8,20.6,IMG-2657
SEN-1658,10/21/2026,55.21,5.25,23.4,34.5,Wheat,122.7,28.4,IMG-2658
SEN-1659,10/22/2026,49.95,6.81,25.4,87.1,Wheat,115.8,22,IMG-2659
SEN-1660,10/23/2026,34.93,5.88,31.2,47.8,Maize,99.5,19.3,IMG-2660
SEN-1661,10/24/2026,79.06,6.78,28.2,35.5,Lettuce,31.8,20.3,IMG-2661
SEN-1662,10/25/2026,52.4,4.87,33.2,65.9,Wheat,73.2,28.6,IMG-2662
SEN-1663,10/26/2026,26.61,6.8,25.5,67.4,Beans,102.6,24.7,IMG-2663
SEN-1664,10/27/2026,17.12,8,28.3,68.9,Beans,76.5,5.6,IMG-2664
SEN-1665,10/28/2026,20.7,4.67,28.7,46,Lettuce,133.6,18.4,IMG-2665
SEN-1666,10/29/2026,27.22,7.92,28.1,30.9,Maize,67.1,22.2,IMG-2666
SEN-1667,10/30/2026,21.25,5.92,29.9,87.9,Wheat,65.2,23.7,IMG-2667
SEN-1668,10/31/2026,23.06,7.55,22,45.1,Maize,61.9,10.3,IMG-2668
SEN-1669,11/1/2026,29.96,7.24,26.7,70.6,Beans,69.9,26.7,IMG-2669
SEN-1670,11/2/2026,22.14,6.48,19.8,72.4,Wheat,96.9,28.9,IMG-2670
SEN-1671,11/3/2026,72.77,7.08,24.5,66.6,Maize,114.8,10.9,IMG-2671
SEN-1672,11/4/2026,15.62,7.57,26.3,48.8,Tomatoes,109.5,27.1,IMG-2672
SEN-1673,11/5/2026,46.72,5.91,29.1,46.3,Lettuce,126.9,7.4,IMG-2673
SEN-1674,11/6/2026,38.73,5.64,34.2,65.9,Lettuce,136.3,6.4,IMG-2674
SEN-1675,11/7/2026,78.77,6.84,28.2,82,Tomatoes,127.9,8.2,IMG-2675
SEN-1676,11/8/2026,17.84,7.33,30.6,86.8,Beans,32.3,6.4,IMG-2676
SEN-1677,11/9/2026,37.85,7.17,26.6,36.4,Wheat,118.3,26.1,IMG-2677
SEN-1678,11/10/2026,77.86,7.29,28.8,39.3,Lettuce,55,6.5,IMG-2678
SEN-1679,11/11/2026,70.59,6.02,19.2,86.7,Tomatoes,46,11.8,IMG-2679
SEN-1680,11/12/2026,67.2,7.36,22.3,74.2,Tomatoes,106.6,7.6,IMG-2680
SEN-1681,11/13/2026,28.05,4.92,24.2,83,Beans,68.4,12.4,IMG-2681
SEN-1682,11/14/2026,21.96,6.41,26,42.2,Beans,36.9,7.3,IMG-2682
SEN-1683,11/15/2026,error,error,error,error,Maize,error,error,IMG-2683
SEN-1684,11/16/2026,75.06,5.64,20.4,72.1,Lettuce,30.1,8.3,IMG-2684
SEN-1685,11/17/2026,48.97,5.78,22.7,70.8,Maize,138.4,26.3,IMG-2685
SEN-1686,11/18/2026,50.01,5.89,34.5,54.5,Tomatoes,33,25.4,IMG-2686
SEN-1687,11/19/2026,29.6,6.93,23.6,30.9,Wheat,55.1,5.3,IMG-2687
SEN-1688,11/20/2026,63.86,5.86,26.2,65,Wheat,80,27.4,IMG-2688
SEN-1689,11/21/2026,23.09,6.07,21.3,45.2,Beans,72.8,5.7,IMG-2689
SEN-1690,11/22/2026,32.66,5.33,28.4,57,Wheat,139.4,11,IMG-2690
SEN-1691,11/23/2026,39.78,5.81,22.8,87.5,Wheat,34.8,5.8,IMG-2691
SEN-1692,11/24/2026,45.53,5.3,21.5,53.9,Wheat,91.5,13.4,IMG-2692
SEN-1693,11/25/2026,26.97,4.76,26.8,80.4,Tomatoes,111.7,17.8,IMG-2693
SEN-1694,11/26/2026,18.04,6.61,18.1,41.3,Wheat,141.8,24.9,IMG-2694
SEN-1695,11/27/2026,52.74,6.84,18.1,70.3,Wheat,104.4,13.4,IMG-2695
SEN-1696,11/28/2026,30.2,6.67,21.7,88.6,Wheat,126.5,22.6,IMG-2696
SEN-1697,11/29/2026,50.69,6.12,18.6,36.1,Maize,40,9.7,IMG-2697
SEN-1698,11/30/2026,20.81,5.83,19.8,30.5,Tomatoes,76.3,23.8,IMG-2698
SEN-1699,12/1/2026,43.68,7.52,23.8,56,Beans,74.9,10.9,IMG-2699
SEN-1700,12/2/2026,47.28,6.32,31.6,35.6,Maize,136.4,8.6,IMG-2700
SEN-1701,12/3/2026,13.63,6.18,27.7,74.9,Lettuce,48.2,9.6,IMG-2701
SEN-1702,12/4/2026,33.56,4.59,26.7,84.9,Tomatoes,48.2,9.6,IMG-2702
SEN-1703,12/5/2026,19.41,5.69,23,56,Tomatoes,69.4,17.8,IMG-2703
SEN-1704,12/6/2026,14.44,5.83,33.8,45.5,Lettuce,36.5,26.1,IMG-2704
SEN-1705,12/7/2026,79.3,5.9,24.7,56.1,Lettuce,51.9,7,IMG-2705
SEN-1706,12/8/2026,32.56,6.53,19.5,73.4,Lettuce,145.8,22.7,IMG-2706
SEN-1707,12/9/2026,66.69,6.37,28.5,30.5,Beans,81.4,21.4,IMG-2707
SEN-1708,12/10/2026,27.82,6.63,19.9,65.4,Wheat,105.8,26.8,IMG-2708
SEN-1709,12/11/2026,57.71,7.18,23.9,66.8,Tomatoes,117.1,11.1,IMG-2709
SEN-1710,12/12/2026,63.22,7.35,26.6,68.3,Wheat,74,16.3,IMG-2710
SEN-1711,12/13/2026,51.69,7.01,32.9,44.5,Wheat,47.7,28.1,IMG-2711
SEN-1712,12/14/2026,43.01,7.84,26.4,72.8,Lettuce,54.8,21.5,IMG-2712
SEN-1713,12/15/2026,38.83,4.56,29.9,35.5,Beans,67.6,14.7,IMG-2713
SEN-1714,12/16/2026,34.42,5.19,34.9,42,Maize,106.3,8.3,IMG-2714
SEN-1715,12/17/2026,75.07,4.53,20.2,82.6,Beans,77.8,11.6,IMG-2715
SEN-1716,12/18/2026,68.14,6.77,22.7,74.3,Wheat,30.8,19.5,IMG-2716
SEN-1717,12/19/2026,77.55,7.64,24.7,30.8,Beans,92.8,23,IMG-2717
SEN-1718,12/20/2026,18.7,5.35,25.2,44.9,Lettuce,140.6,8.1,IMG-2718
SEN-1719,12/21/2026,61.16,7.74,25,42.9,Maize,127.4,20,IMG-2719
SEN-1720,12/22/2026,75.68,4.71,33.4,46.2,Lettuce,129,18.8,IMG-2720
SEN-1721,12/23/2026,22.69,7.77,30.1,44.9,Maize,125.4,17.8,IMG-2721
SEN-1722,12/24/2026,14.65,5.73,28.3,33.8,Wheat,68.8,22.3,IMG-2722
SEN-1723,12/25/2026,61.88,4.85,23.3,57.5,Maize,121.8,25.9,IMG-2723
SEN-1724,12/26/2026,50.21,6.2,32,74,Maize,47.2,13.1,IMG-2724
SEN-1725,12/27/2026,68.93,5.4,34.2,66.4,Maize,108.9,27.2,IMG-2725
SEN-1726,12/28/2026,19.78,5.5,32,70.4,Beans,107,9,IMG-2726
SEN-1727,12/29/2026,65.67,5.58,18,34.9,Beans,33.1,9.3,IMG-2727
SEN-1728,12/30/2026,24.11,7.31,28.8,87.1,Wheat,124.6,11.7,IMG-2728
SEN-1729,12/31/2026,21.46,6.39,18.9,80.3,Maize,138.4,8,IMG-2729
SEN-1730,1/1/2027,21.5,5.59,22.4,78.3,Tomatoes,62.1,10.8,IMG-2730
SEN-1731,1/2/2027,67.02,6.64,19,79.4,Wheat,127.5,7.7,IMG-2731
SEN-1732,1/3/2027,56.56,7.01,28.3,86,Maize,39.9,25.5,IMG-2732
SEN-1733,1/4/2027,46.61,5.45,29.7,62.7,Maize,102,8.5,IMG-2733
SEN-1734,1/5/2027,35.12,5.95,19.9,42,Beans,88.3,23.7,IMG-2734
SEN-1735,1/6/2027,71.4,4.93,24.5,67,Wheat,95.5,6.2,IMG-2735
SEN-1736,1/7/2027,37.47,5.13,25.8,74.6,Maize,141.1,28.7,IMG-2736
SEN-1737,1/8/2027,67.16,6.88,24.3,74.3,Maize,134.6,22.8,IMG-2737
SEN-1738,1/9/2027,40.74,5.14,20.1,61.3,Wheat,124.2,5.2,IMG-2738
SEN-1739,1/10/2027,36.39,6.34,25.1,34.1,Tomatoes,62.8,24.1,IMG-2739
SEN-1740,1/11/2027,42.39,6.98,30.8,52.3,Wheat,139.4,17.9,IMG-2740
SEN-1741,1/12/2027,31.1,4.87,19.2,85.2,Wheat,41.7,24.5,IMG-2741
SEN-1742,1/13/2027,62.33,6.49,19.4,65.1,Tomatoes,132.4,18.1,IMG-2742
SEN-1743,1/14/2027,45.19,5.4,24,62.3,Wheat,69.4,21,IMG-2743
SEN-1744,1/15/2027,26.25,7.87,34,46.1,Maize,36.5,24.7,IMG-2744
SEN-1745,1/16/2027,72.97,6.19,29.4,52.1,Wheat,110.3,15.1,IMG-2745
SEN-1746,1/17/2027,36.87,7.32,29.5,83.7,Tomatoes,57.8,5.1,IMG-2746
SEN-1747,1/18/2027,48.05,6.43,24.2,70,Lettuce,59.2,26.2,IMG-2747
SEN-1748,1/19/2027,73.45,4.65,28.1,77.2,Wheat,66.7,14.5,IMG-2748
SEN-1749,1/20/2027,53.7,6.72,18.2,57.3,Beans,37.6,17.4,IMG-2749
SEN-1750,1/21/2027,18.18,7.83,28.8,67.8,Maize,51.3,5.2,IMG-2750
SEN-1751,1/22/2027,75.79,6.61,33.5,44.9,Maize,30.6,17.3,IMG-2751
SEN-1752,1/23/2027,53.94,7.37,28.4,72.3,Beans,83.4,29.7,IMG-2752
SEN-1753,1/24/2027,33.44,7.59,32.9,55.7,Beans,40.1,12,IMG-2753
SEN-1754,1/25/2027,19.75,5.3,30.3,56.6,Wheat,111.9,14.9,IMG-2754
SEN-1755,1/26/2027,65.58,5.24,20,69,Beans,58.3,22.2,IMG-2755
SEN-1756,1/27/2027,53.41,6.64,33.3,86.2,Lettuce,143.2,25.4,IMG-2756
SEN-1757,1/28/2027,47.34,5.94,19.1,33.8,Tomatoes,134.6,15.4,IMG-2757
SEN-1758,1/29/2027,72.57,7.44,27.1,79.5,Beans,64.7,12.7,IMG-2758
SEN-1759,1/30/2027,65.2,7.65,20.4,47.5,Beans,124,28.4,IMG-2759
SEN-1760,1/31/2027,20.62,5.74,18.2,56.6,Lettuce,126.4,21.9,IMG-2760
SEN-1761,2/1/2027,31.82,5.33,25.2,31.3,Maize,148.4,8,IMG-2761
SEN-1762,2/2/2027,27.39,7.23,23,48.1,Maize,101.7,6.7,IMG-2762
SEN-1763,2/3/2027,62.08,5.46,26.3,60.2,Wheat,39.8,17.1,IMG-2763
SEN-1764,2/4/2027,12.35,7.38,27.8,33.4,Lettuce,107.6,10.5,IMG-2764
SEN-1765,2/5/2027,49.89,5.98,18.7,59.5,Tomatoes,105,11.3,IMG-2765
SEN-1766,2/6/2027,63.37,6.84,20.1,85.6,Tomatoes,106.6,26.9,IMG-2766
SEN-1767,2/7/2027,71.37,4.83,27.5,36.3,Lettuce,66.9,7.2,IMG-2767
SEN-1768,2/8/2027,33.95,6.68,23.8,75.9,Tomatoes,133.2,22.9,IMG-2768
SEN-1769,2/9/2027,67.49,6.08,30.4,54.6,Maize,145.1,11.8,IMG-2769
SEN-1770,2/10/2027,17.74,6.55,29.1,69.3,Tomatoes,56.1,24,IMG-2770
SEN-1771,2/11/2027,69.25,5.09,32.4,45.6,Tomatoes,40.6,23.1,IMG-2771
SEN-1772,2/12/2027,18.92,7.08,29.8,39.6,Lettuce,53.3,5.2,IMG-2772
SEN-1773,2/13/2027,37.81,7.52,25.3,39.6,Lettuce,128.5,17.7,IMG-2773
SEN-1774,2/14/2027,65.81,5.26,29.4,34.2,Tomatoes,111.2,8.5,IMG-2774
SEN-1775,2/15/2027,20.49,4.84,22.7,41.1,Beans,106.3,26.7,IMG-2775
SEN-1776,2/16/2027,26.05,4.58,23.2,69.9,Lettuce,78.2,26.8,IMG-2776
SEN-1777,2/17/2027,60.56,6.75,31.4,82.9,Wheat,99.3,15.5,IMG-2777
SEN-1778,2/18/2027,60.4,6.62,25.6,78.8,Wheat,66.9,16.1,IMG-2778
SEN-1779,2/19/2027,54.88,6.41,31.6,71.1,Maize,87.3,12.6,IMG-2779
SEN-1780,2/20/2027,58.58,5.31,32,36.6,Tomatoes,125.2,22.9,IMG-2780
SEN-1781,2/21/2027,47.99,5.87,32.6,47.4,Beans,147.7,14,IMG-2781
SEN-1782,2/22/2027,27.63,6.58,33.6,48.6,Maize,141.9,11.7,IMG-2782
SEN-1783,2/23/2027,34.2,6.24,25.3,45,Tomatoes,142.1,15.8,IMG-2783
SEN-1784,2/24/2027,22.71,7.96,23.4,60.9,Lettuce,78.3,7.3,IMG-2784
SEN-1785,2/25/2027,73.59,4.98,27.9,62.1,Wheat,86.3,23.7,IMG-2785
SEN-1786,2/26/2027,50.84,6.93,24.3,51.4,Beans,114.7,5.3,IMG-2786
SEN-1787,2/27/2027,38.06,5.92,28.2,51.2,Wheat,140.7,21.1,IMG-2787
SEN-1788,2/28/2027,42.34,6,30,79.7,Lettuce,47,9.6,IMG-2788
SEN-1789,3/1/2027,76.31,7.01,29.7,77.4,Tomatoes,66.5,10.8,IMG-2789
SEN-1790,3/2/2027,20.73,6.92,24.4,48.5,Lettuce,46.7,20.9,IMG-2790
SEN-1791,3/3/2027,51.04,7.97,20.8,84.8,Lettuce,103.4,29.8,IMG-2791
SEN-1792,3/4/2027,45.41,4.95,25.3,87.2,Wheat,66.8,24.4,IMG-2792
SEN-1793,3/5/2027,52.8,4.86,20.4,49.6,Beans,69.1,10.6,IMG-2793
SEN-1794,3/6/2027,11.27,7.04,33.1,51.3,Lettuce,38.5,9.4,IMG-2794
SEN-1795,3/7/2027,71.05,6.52,23.9,60.3,Wheat,72,26.7,IMG-2795
SEN-1796,3/8/2027,75.25,5.46,20.6,86.5,Beans,133.5,16.1,IMG-2796
SEN-1797,3/9/2027,49.56,4.78,18.4,82.6,Tomatoes,58,8.4,IMG-2797
SEN-1798,3/10/2027,58.77,4.8,29,36.2,Tomatoes,113.4,26.6,IMG-2798
SEN-1799,3/11/2027,74.57,7.63,28.8,53.6,Maize,105.6,25.4,IMG-2799
SEN-1008,1/9/2025,52.08,6.08,22,89.3,Tomatoes,67.8,11.4,IMG-2008
SEN-1510,,52.94,4.78,20.4,43.8,Beans,84.1,28.1,IMG-2510
SEN-1175,6/25/2025,22.21,5.42,23.4,68.4,Beans,86.5,18.3,IMG-2175
SEN-1735,1/6/2027,71.4,4.93,24.5,67,Wheat,95.5,6.2,IMG-2735
SEN-1242,8/31/2025,74.04,5.62,25.5,76.9,Wheat,66.9,12.9,IMG-2242
SEN-1764,2/4/2027,12.35,7.38,27.8,33.4,Lettuce,107.6,10.5,IMG-2764
SEN-1540,6/25/2026,76.78,5.4,31.9,45.9,Lettuce,96,21.6,IMG-2540
SEN-1430,3/7/2026,20.01,7.63,21.4,58.9,Beans,68.8,12.1,IMG-2430
SEN-1084,3/26/2025,31.77,7.3,20.3,57.8,Lettuce,59.7,26.6,IMG-2084
SEN-1642,10/5/2026,24.8,6.85,27.9,36.8,Beans,127,25.5,IMG-2642
SEN-1255,9/13/2025,48.98,5.73,22.3,55,Tomatoes,138.3,12.5,IMG-2255
SEN-1111,4/22/2025,21.29,5.44,19,83,Lettuce,134.5,29.8,IMG-2111
SEN-1289,10/17/2025,51.36,5.31,34.9,54.3,Beans,147.2,29.1,IMG-2289
SEN-1349,12/16/2025,53.81,7.54,25.4,68.2,Wheat,70.5,17.1,IMG-2349
SEN-1703,12/5/2026,19.41,5.69,23,56,Tomatoes,69.4,17.8,IMG-2703
SEN-1521,6/6/2026,36.66,5.06,26.6,72.8,Wheat,37.1,13.5,IMG-2521
SEN-1437,3/14/2026,67.53,6.16,20.6,32.7,Wheat,80.7,9.2,IMG-2437
SEN-1565,7/20/2026,51.29,4.96,34.6,72.1,Wheat,53.4,16.1,IMG-2565
SEN-1224,8/13/2025,28.56,7.8,28.9,52.6,Wheat,77.7,19.5,IMG-2224
SEN-1371,1/7/2026,11.28,7.93,32.1,46.5,Lettuce,49.9,14.6,IMG-2371
SEN-1301,10/29/2025,47.19,7.89,18.1,88.6,Lettuce,113.4,8.5,IMG-2301
SEN-1537,6/22/2026,27.31,6.88,30.4,65,Lettuce,148.6,10.8,IMG-2537
SEN-1341,12/8/2025,43.14,5.72,23.7,43.5,Maize,95.4,22.4,IMG-2341
SEN-1135,5/16/2025,32.62,5.45,33.1,80,Beans,67.4,25.1,IMG-2135
SEN-1708,12/10/2026,27.82,6.63,19.9,65.4,Wheat,105.8,26.8,IMG-2708
SEN-1047,2/17/2025,46.4,7.99,32,41.7,Beans,66.5,23.8,IMG-2047
SEN-1666,10/29/2026,27.22,7.92,28.1,30.9,Maize,67.1,22.2,IMG-2666
SEN-1060,3/2/2025,37.21,7.21,28.2,89.6,Wheat,112.8,27.9,IMG-2060
SEN-1741,1/12/2027,31.1,4.87,19.2,85.2,Wheat,41.7,24.5,IMG-2741
SEN-1117,4/28/2025,23.06,7.82,29.8,58.6,Beans,56,12.1,IMG-2117
SEN-1329,11/26/2025,27.34,5.41,19.1,59,Maize,86.9,24.7,IMG-2329
SEN-1396,2/1/2026,70.09,7.91,34.3,34.4,Lettuce,49.5,16.9,IMG-2396
SEN-1019,1/20/2025,30.39,5.67,30.4,53.3,Wheat,122.2,16.3,IMG-2019
SEN-1558,7/13/2026,62.86,5.47,25.7,46.4,Tomatoes,145.4,12.8,IMG-2558
SEN-1081,3/23/2025,53.63,6.85,34.6,82.6,Wheat,143.6,24.6,IMG-2081
SEN-1073,3/15/2025,67.08,5.93,31.7,73.3,Maize,63.3,21.8,IMG-2073
SEN-1641,10/4/2026,32.55,4.83,18.6,88.2,Lettuce,105.2,19.7,IMG-2641
SEN-1676,11/8/2026,17.84,7.33,30.6,86.8,Beans,32.3,6.4,IMG-2676
SEN-1731,1/2/2027,67.02,6.64,19,79.4,Wheat,127.5,7.7,IMG-2731
SEN-1756,1/27/2027,53.41,6.64,33.3,86.2,Lettuce,143.2,25.4,IMG-2756
SEN-1257,9/15/2025,58.72,5.91,25.8,81,Wheat,45.3,12.8,IMG-2257
SEN-1661,10/24/2026,79.06,6.78,28.2,35.5,Lettuce,31.8,20.3,IMG-2661
SEN-1760,1/31/2027,20.62,5.74,18.2,56.6,Lettuce,126.4,21.9,IMG-2760
SEN-1065,3/7/2025,47.99,6.46,32.5,42.1,Wheat,70.3,20.6,IMG-2065
SEN-1439,3/16/2026,15.69,5.15,22.3,52.3,Wheat,31.3,15.5,IMG-2439
SEN-1590,8/14/2026,19.72,5.33,22.4,40.8,Lettuce,72.5,22.9,IMG-2590
SEN-1638,10/1/2026,28.85,5.21,19.3,34.1,Lettuce,44.6,28.8,IMG-2638
SEN-1361,12/28/2025,55.03,4.95,25,30.5,Tomatoes,66.9,17.2,IMG-2361
SEN-1643,10/6/2026,32.92,6.05,34.9,54.2,Beans,103.4,14.8,IMG-2643
SEN-1772,2/12/2027,18.92,7.08,29.8,39.6,Lettuce,53.3,5.2,IMG-2772
SEN-1436,3/13/2026,15.09,7.53,19.9,89.6,Tomatoes,86.3,11.6,IMG-2436
SEN-1538,6/23/2026,41.54,4.75,21.2,87.1,Maize,35,12.2,IMG-2538
SEN-1670,11/2/2026,22.14,6.48,19.8,72.4,Wheat,96.9,28.9,IMG-2670
SEN-1617,9/10/2026,29.38,4.93,22.8,54.3,Tomatoes,37.3,12.3,IMG-2617
SEN-1273,10/1/2025,73.93,4.56,32.3,42,Beans,41.1,16.6,IMG-2273
SEN-1382,1/18/2026,54.03,6.71,25.8,88.9,Beans,104,25.9,IMG-2382
SEN-1294,10/22/2025,18.89,5.31,27.4,87.8,Tomatoes,85.7,17.8,IMG-2294
SEN-1194,7/14/2025,33.73,5.76,18.7,38.6,Lettuce,75.4,19.7,IMG-2194
SEN-1725,12/27/2026,68.93,5.4,34.2,66.4,Maize,108.9,27.2,IMG-2725
SEN-1085,3/27/2025,32.76,5.12,32.7,88.9,Maize,113.7,11.7,IMG-2085
SEN-1493,5/9/2026,23.17,6.91,26.9,69.3,Beans,136,12.5,IMG-2493
SEN-1464,4/10/2026,77.35,4.54,18.9,56.2,Wheat,38.2,9.8,IMG-2464
SEN-1101,4/12/2025,54.55,4.59,25.4,75.9,Wheat,61.1,10.6,IMG-2101
SEN-1449,3/26/2026,15.85,6.66,19.4,51.5,Tomatoes,72.2,23.8,IMG-2449
SEN-1233,8/22/2025,44.48,4.92,30.7,40,Beans,126,20,IMG-2233
SEN-1262,9/20/2025,19.81,7.19,21,42.9,Tomatoes,89.9,24.8,IMG-2262
SEN-1185,7/5/2025,56.2,6.23,33.2,67.5,Beans,41.2,25.6,IMG-2185
SEN-1202,7/22/2025,21.31,7.56,24,74.9,Wheat,60.1,17.9,IMG-2202
SEN-1775,2/15/2027,20.49,4.84,22.7,41.1,Beans,106.3,26.7,IMG-2775
SEN-1689,11/21/2026,23.09,6.07,21.3,45.2,Beans,72.8,5.7,IMG-2689
SEN-1148,5/29/2025,13.6,7.56,30.9,54.4,Maize,34.2,21.4,IMG-2148
SEN-1522,6/7/2026,77.89,7.55,34.4,79,Beans,112.9,15.1,IMG-2522
SEN-1314,11/11/2025,68.52,6.58,25.6,30.1,Tomatoes,122.1,7.7,IMG-2314
SEN-1443,3/20/2026,35.94,7.46,20,87.1,Tomatoes,104.2,9.1,IMG-2443
SEN-1779,2/19/2027,54.88,6.41,31.6,71.1,Maize,87.3,12.6,IMG-2779
SEN-1120,5/1/2025,66.52,7.54,20.4,71.6,Wheat,139.3,24,IMG-2120
SEN-1667,10/30/2026,21.25,5.92,29.9,87.9,Wheat,65.2,23.7,IMG-2667
SEN-1059,3/1/2025,32.77,4.73,25.6,54.1,Wheat,116.9,23.7,IMG-2059
SEN-1370,1/6/2026,17.05,6.66,18.4,34.6,Wheat,39.2,24.4,IMG-2370
SEN-1003,1/4/2025,51.91,6.62,24,48.7,Maize,85.8,19.6,IMG-2003
SEN-1528,6/13/2026,13.95,6.81,33,75.3,Wheat,110.7,18.6,IMG-2528
SEN-1016,1/17/2025,31.3,6.57,34.9,53.1,Maize,143.2,6.6,IMG-2016
SEN-1248,9/6/2025,77.45,7.55,33.1,56,Tomatoes,39.8,22.3,IMG-2248
SEN-1408,2/13/2026,73.38,5.46,19.1,58.6,Beans,93.6,15.1,IMG-2408
SEN-1355,12/22/2025,54.97,7.13,33.9,47.4,Wheat,130,19.6,IMG-2355
SEN-1692,11/24/2026,45.53,5.3,21.5,53.9,Wheat,91.5,13.4,IMG-2692
SEN-1481,4/27/2026,58.7,6.96,19.1,81.3,Tomatoes,130.5,11.3,IMG-2481
SEN-1675,11/7/2026,78.77,6.84,28.2,82,Tomatoes,127.9,8.2,IMG-2675
SEN-1056,2/26/2025,16.19,4.63,27.4,56.6,Wheat,97.9,23.6,IMG-2056
SEN-1778,2/18/2027,60.4,6.62,25.6,78.8,Wheat,66.9,16.1,IMG-2778
SEN-1718,12/20/2026,18.7,5.35,25.2,44.9,Lettuce,140.6,8.1,IMG-2718
SEN-1752,1/23/2027,53.94,7.37,28.4,72.3,Beans,83.4,29.7,IMG-2752
SEN-1320,11/17/2025,48.45,7.61,29.8,83.9,Lettuce,96.1,19.6,IMG-2320
SEN-1784,2/24/2027,22.71,7.96,23.4,60.9,Lettuce,78.3,7.3,IMG-2784
SEN-1023,1/24/2025,35.65,5.89,34.3,57.5,Maize,95.7,15.3,IMG-2023
SEN-1539,6/24/2026,19.04,4.61,32.6,32.5,Maize,146.1,14.2,IMG-2539
SEN-1069,3/11/2025,79.08,7.81,31.9,62.6,Beans,143.8,22.2,IMG-2069
SEN-1187,7/7/2025,48.86,6.02,28.4,71,Beans,46.2,18.8,IMG-2187
SEN-1556,7/11/2026,19.38,7.65,20.4,73.7,Tomatoes,69,17.7,IMG-2556
SEN-1656,10/19/2026,29.86,6.91,26.8,66.2,Maize,51.3,24.9,IMG-2656
SEN-1218,8/7/2025,55.47,7.7,28.6,80.6,Lettuce,123.3,14.9,IMG-2218
SEN-1518,6/3/2026,79.11,4.79,19.4,55.4,Beans,120.8,28.9,IMG-2518
SEN-1577,8/1/2026,74.86,6.3,28.9,30.7,Wheat,111.1,26.9,IMG-2577
SEN-1677,11/9/2026,37.85,7.17,26.6,36.4,Wheat,118.3,26.1,IMG-2677
SEN-1637,9/30/2026,26.97,6.97,21.2,88.8,Tomatoes,89.3,13.1,IMG-2637
SEN-1241,8/30/2025,76.78,7.27,25.3,36.3,Tomatoes,102.7,6.4,IMG-2241
SEN-1366,1/2/2026,77.28,7.41,21.1,61.8,Maize,99.6,8.4,IMG-2366
SEN-1531,6/16/2026,79.98,7.02,18.2,69.7,Lettuce,69.7,19.8,IMG-2531
SEN-1090,4/1/2025,18.37,7.03,21,47.1,Maize,94.2,8,IMG-2090
SEN-1201,7/21/2025,15.89,6.4,30.5,33.3,Tomatoes,108.3,14.5,IMG-2201
SEN-1309,11/6/2025,28.96,5.04,20.5,47.6,Tomatoes,81.1,12.7,IMG-2309
SEN-1339,12/6/2025,16.85,6.57,19.3,34.5,Beans,48.5,12.7,IMG-2339
SEN-1050,2/20/2025,77.87,4.73,18.6,46.2,Beans,136.5,23.1,IMG-2050
